PMID,Title,Authors,Citation,First Author,Journal/Book,Publication Year,Create Date,PMCID,NIHMS ID,DOI
33532864,Clinical utility of genetic testing in early-onset kidney disease: seven genes are the main players,"Domingo-Gallego A, Pybus M, Bullich G, Furlano M, Ejarque-Vila L, Lorente-Grandoso L, Ruiz P, Fraga G, López González M, Piñero-Fernández JA, Rodríguez-Peña L, Llano-Rivas I, Sáez R, Bujons-Tur A, Ariceta G, Guirado L, Torra R, Ars E.",Nephrol Dial Transplant. 2022 Mar 25;37(4):687-696. doi: 10.1093/ndt/gfab019.,Domingo-Gallego A,Nephrol Dial Transplant,2022,2021-02-03,,,10.1093/ndt/gfab019
37400792,Single-cell RNA sequencing for the study of kidney disease,"Zhu J, Lu J, Weng H.",Mol Med. 2023 Jul 3;29(1):85. doi: 10.1186/s10020-023-00693-8.,Zhu J,Mol Med,2023,2023-07-03,PMC10318824,,10.1186/s10020-023-00693-8
37261792,Genome-Wide Association Study of CKD Progression,"Robinson-Cohen C, Triozzi JL, Rowan B, He J, Chen HC, Zheng NS, Wei WQ, Wilson OD, Hellwege JN, Tsao PS, Gaziano JM, Bick A, Matheny ME, Chung CP, Lipworth L, Siew ED, Ikizler TA, Tao R, Hung AM.",J Am Soc Nephrol. 2023 Sep 1;34(9):1547-1559. doi: 10.1681/ASN.0000000000000170. Epub 2023 Jun 1.,Robinson-Cohen C,J Am Soc Nephrol,2023,2023-06-01,PMC10482057,,10.1681/ASN.0000000000000170
36573973,Exome Sequencing of a Clinical Population for Autosomal Dominant Polycystic Kidney Disease,"Chang AR, Moore BS, Luo JZ, Sartori G, Fang B, Jacobs S, Abdalla Y, Taher M, Carey DJ, Triffo WJ, Singh G, Mirshahi T.",JAMA. 2022 Dec 27;328(24):2412-2421. doi: 10.1001/jama.2022.22847.,Chang AR,JAMA,2022,2022-12-27,PMC9856880,,10.1001/jama.2022.22847
34264297,Genetic testing in the diagnosis of chronic kidney disease: recommendations for clinical practice,"Knoers N, Antignac C, Bergmann C, Dahan K, Giglio S, Heidet L, Lipska-Ziętkiewicz BS, Noris M, Remuzzi G, Vargas-Poussou R, Schaefer F.",Nephrol Dial Transplant. 2022 Jan 25;37(2):239-254. doi: 10.1093/ndt/gfab218.,Knoers N,Nephrol Dial Transplant,2022,2021-07-15,PMC8788237,,10.1093/ndt/gfab218
33437033,Genomic diagnostics in polycystic kidney disease: an assessment of real-world use of whole-genome sequencing,"Mallawaarachchi AC, Lundie B, Hort Y, Schonrock N, Senum SR, Gayevskiy V, Minoche AE, Hollway G, Ohnesorg T, Hinchcliffe M, Patel C, Tchan M, Mallett A, Dinger ME, Rangan G, Cowley MJ, Harris PC, Burnett L, Shine J, Furlong TJ.",Eur J Hum Genet. 2021 May;29(5):760-770. doi: 10.1038/s41431-020-00796-4. Epub 2021 Jan 12.,Mallawaarachchi AC,Eur J Hum Genet,2021,2021-01-13,PMC8110527,,10.1038/s41431-020-00796-4
33226606,Clinical exome sequencing is a powerful tool in the diagnostic flow of monogenic kidney diseases: an Italian experience,"Vaisitti T, Sorbini M, Callegari M, Kalantari S, Bracciamà V, Arruga F, Vanzino SB, Rendine S, Togliatto G, Giachino D, Pelle A, Cocchi E, Benvenuta C, Baldovino S, Rollino C, Fenoglio R, Sciascia S, Tamagnone M, Vitale C, Calabrese G, Biancone L, Bussolino S, Savoldi S, Borzumati M, Cantaluppi V, Chiappero F, Ungari S, Peruzzi L, Roccatello D, Amoroso A, Deaglio S.",J Nephrol. 2021 Oct;34(5):1767-1781. doi: 10.1007/s40620-020-00898-8. Epub 2020 Nov 23.,Vaisitti T,J Nephrol,2021,2020-11-23,PMC8494711,,10.1007/s40620-020-00898-8
37794564,The Clinical Utility of Genetic Testing in the Diagnosis and Management of Adults with Chronic Kidney Disease,"Dahl NK, Bloom MS, Chebib FT, Clark D, Westemeyer M, Jandeska S, Zhang Z, Milo-Rasouly H, Kolupaeva V, Marasa M, Broumand V, Fatica RA, Raj DS, Demko ZP, Marshall K, Punj S, Tabriziani H, Bhorade S, Gharavi AG.",J Am Soc Nephrol. 2023 Dec 1;34(12):2039-2050. doi: 10.1681/ASN.0000000000000249. Epub 2023 Oct 5.,Dahl NK,J Am Soc Nephrol,2023,2023-10-05,PMC10703084,,10.1681/ASN.0000000000000249
32939031,Clinical impact of genomic testing in patients with suspected monogenic kidney disease,"Jayasinghe K, Stark Z, Kerr PG, Gaff C, Martyn M, Whitlam J, Creighton B, Donaldson E, Hunter M, Jarmolowicz A, Johnstone L, Krzesinski E, Lunke S, Lynch E, Nicholls K, Patel C, Prawer Y, Ryan J, See EJ, Talbot A, Trainer A, Tytherleigh R, Valente G, Wallis M, Wardrop L, West KH, White SM, Wilkins E, Mallett AJ, Quinlan C.",Genet Med. 2021 Jan;23(1):183-191. doi: 10.1038/s41436-020-00963-4. Epub 2020 Sep 17.,Jayasinghe K,Genet Med,2021,2020-09-17,PMC7790755,,10.1038/s41436-020-00963-4
32450155,Clinical and genetic spectra of autosomal dominant tubulointerstitial kidney disease due to mutations in UMOD and MUC1,"Olinger E, Hofmann P, Kidd K, Dufour I, Belge H, Schaeffer C, Kipp A, Bonny O, Deltas C, Demoulin N, Fehr T, Fuster DG, Gale DP, Goffin E, Hodaňová K, Huynh-Do U, Kistler A, Morelle J, Papagregoriou G, Pirson Y, Sandford R, Sayer JA, Torra R, Venzin C, Venzin R, Vogt B, Živná M, Greka A, Dahan K, Rampoldi L, Kmoch S, Bleyer AJ Sr, Devuyst O.",Kidney Int. 2020 Sep;98(3):717-731. doi: 10.1016/j.kint.2020.04.038. Epub 2020 May 22.,Olinger E,Kidney Int,2020,2020-05-26,,,10.1016/j.kint.2020.04.038
35368817,Clinical Utility of Genetic Testing in the Precision Diagnosis and Management of Pediatric Patients with Kidney and Urinary Tract Diseases,"Bekheirnia N, Glinton KE, Rossetti L, Manor J, Chen W, Lamb DJ, Braun MC, Bekheirnia MR.",Kidney360. 2020 Oct 30;2(1):90-104. doi: 10.34067/KID.0002272020. eCollection 2021 Jan 28.,Bekheirnia N,Kidney360,2020,2022-04-04,PMC8785738,,10.34067/KID.0002272020
38972501,Genetic Characterization of Kidney Failure of Unknown Etiology in Spain: Findings From the GENSEN Study,"Blasco M, Quiroga B, García-Aznar JM, Castro-Alonso C, Fernández-Granados SJ, Luna E, Fernández Fresnedo G, Ossorio M, Izquierdo MJ, Sanchez-Ospina D, Castañeda-Infante L, Mouzo R, Cao M, Besada-Cerecedo ML, Pan-Lizcano R, Torra R, Ortiz A, de Sequera P; GENSEN Study Investigators.",Am J Kidney Dis. 2024 Dec;84(6):719-730.e1. doi: 10.1053/j.ajkd.2024.04.021. Epub 2024 Jul 6.,Blasco M,Am J Kidney Dis,2024,2024-07-07,,,10.1053/j.ajkd.2024.04.021
38797326,Genome-wide association study of hospitalized patients and acute kidney injury,"Siew ED, Hellwege JN, Hung AM, Birkelo BC, Vincz AJ, Parr SK, Denton J, Greevy RA, Robinson-Cohen C, Liu H, Susztak K, Matheny ME, Velez Edwards DR.",Kidney Int. 2024 Aug;106(2):291-301. doi: 10.1016/j.kint.2024.04.019. Epub 2024 May 24.,Siew ED,Kidney Int,2024,2024-05-26,PMC11260539,NIHMS1998648,10.1016/j.kint.2024.04.019
38104198,Genomic and epigenomic integrative subtypes of renal cell carcinoma in a Japanese cohort,"Fukagawa A, Hama N, Totoki Y, Nakamura H, Arai Y, Saito-Adachi M, Maeshima A, Matsui Y, Yachida S, Ushiku T, Shibata T.",Nat Commun. 2023 Dec 16;14(1):8383. doi: 10.1038/s41467-023-44159-1.,Fukagawa A,Nat Commun,2023,2023-12-16,PMC10725467,,10.1038/s41467-023-44159-1
37126668,Genetic Association Analysis of Chronic Kidney Disease Progression in a Small Korean Cohort Study,"Ghasemi S, Wuttke M.",J Am Soc Nephrol. 2023 May 1;34(5):729-731. doi: 10.1681/ASN.0000000000000110.,Ghasemi S,J Am Soc Nephrol,2023,2023-05-01,PMC10371272,,10.1681/ASN.0000000000000110
38671320,Multi-ancestry genome-wide association study of kidney cancer identifies 63 susceptibility regions,"Purdue MP, Dutta D, Machiela MJ, Gorman BR, Winter T, Okuhara D, Cleland S, Ferreiro-Iglesias A, Scheet P, Liu A, Wu C, Antwi SO, Larkin J, Zequi SC, Sun M, Hikino K, Hajiran A, Lawson KA, Cárcano F, Blanchet O, Shuch B, Nepple KG, Margue G, Sundi D, Diver WR, Folgueira MAAK, van Bokhoven A, Neffa F, Brown KM, Hofmann JN, Rhee J, Yeager M, Cole NR, Hicks BD, Manning MR, Hutchinson AA, Rothman N, Huang WY, Linehan WM, Lori A, Ferragu M, Zidane-Marinnes M, Serrano SV, Magnabosco WJ; BioBank Japan Project; Vilas A, Decia R, Carusso F, Graham LS, Anderson K, Bilen MA, Arciero C, Pellegrin I, Ricard S; FinnGen; Scelo G, Banks RE, Vasudev NS, Soomro N, Stewart GD, Adeyoju A, Bromage S, Hrouda D, Gibbons N, Patel P, Sullivan M, Protheroe A, Nugent FI, Fournier MJ, Zhang X, Martin LJ, Komisarenko M, Eisen T, Cunningham SA, Connolly DC, Uzzo RG, Zaridze D, Mukeria A, Holcatova I, Hornakova A, Foretova L, Janout V, Mates D, Jinga V, Rascu S, Mijuskovic M, Savic S, Milosavljevic S, Gaborieau V, Abedi-Ardekani B, McKay J, Johansson M, Phouthavongsy L, Hayman L, Li J, Lungu I, Bezerra SM, Souza AG, Sares CTG, Reis RB, et al.",Nat Genet. 2024 May;56(5):809-818. doi: 10.1038/s41588-024-01725-7. Epub 2024 Apr 26.,Purdue MP,Nat Genet,2024,2024-04-26,,,10.1038/s41588-024-01725-7
35229136,"Genetic Etiologies, Diagnosis, and Management of Neonatal Cystic Kidney Disease","Heidenreich LS, Bendel-Stenzel EM, Harris PC, Hanna C.",Neoreviews. 2022 Mar 1;23(3):e175-e188. doi: 10.1542/neo.23-3-e175.,Heidenreich LS,Neoreviews,2022,2022-03-01,,,10.1542/neo.23-3-e175
32739203,Genetic testing for kidney disease of unknown etiology,"Hays T, Groopman EE, Gharavi AG.",Kidney Int. 2020 Sep;98(3):590-600. doi: 10.1016/j.kint.2020.03.031. Epub 2020 Apr 24.,Hays T,Kidney Int,2020,2020-08-03,PMC7784921,NIHMS1617330,10.1016/j.kint.2020.03.031
36753701,A Clinical Workflow for Cost-Saving High-Rate Diagnosis of Genetic Kidney Diseases,"Becherucci F, Landini S, Palazzo V, Cirillo L, Raglianti V, Lugli G, Tiberi L, Dirupo E, Bellelli S, Mazzierli T, Lomi J, Ravaglia F, Sansavini G, Allinovi M, Giannese D, Somma C, Spatoliatore G, Vergani D, Artuso R, Rosati A, Cirami C, Dattolo PC, Campolo G, De Chiara L, Papi L, Vaglio A, Lazzeri E, Anders HJ, Mazzinghi B, Romagnani P.",J Am Soc Nephrol. 2023 Apr 1;34(4):706-720. doi: 10.1681/ASN.0000000000000076. Epub 2023 Jan 17.,Becherucci F,J Am Soc Nephrol,2023,2023-02-08,PMC10103218,,10.1681/ASN.0000000000000076
35994232,Genetic diagnosis and treatment of hereditary renal tubular disease with hypokalemia and alkalosis,"Guo W, Ji P, Xie Y.",J Nephrol. 2023 Mar;36(2):575-591. doi: 10.1007/s40620-022-01428-4. Epub 2022 Aug 22.,Guo W,J Nephrol,2023,2022-08-22,,,10.1007/s40620-022-01428-4
39138396,Panel miRNAs are potential diagnostic markers for chronic kidney diseases: a systematic review and meta-analysis,"Garmaa G, Nagy R, Kói T, To UND, Gergő D, Kleiner D, Csupor D, Hegyi P, Kökény G.",BMC Nephrol. 2024 Aug 13;25(1):261. doi: 10.1186/s12882-024-03702-y.,Garmaa G,BMC Nephrol,2024,2024-08-13,PMC11323638,,10.1186/s12882-024-03702-y
34237823,Clinical and genetic characteristics of Korean autosomal dominant polycystic kidney disease patients,"Oh YK, Park HC, Ryu H, Kim YC, Oh KH.",Korean J Intern Med. 2021 Jul;36(4):767-779. doi: 10.3904/kjim.2021.176. Epub 2021 Jul 1.,Oh YK,Korean J Intern Med,2021,2021-07-08,PMC8273813,,10.3904/kjim.2021.176
34519781,Clinical and genetic spectra of autosomal dominant tubulointerstitial kidney disease,"Mabillard H, Sayer JA, Olinger E.",Nephrol Dial Transplant. 2023 Feb 13;38(2):271-282. doi: 10.1093/ndt/gfab268.,Mabillard H,Nephrol Dial Transplant,2023,2021-09-14,PMC9923703,,10.1093/ndt/gfab268
32646915,Clinical Genetic Screening in Adult Patients with Kidney Disease,"Cocchi E, Nestor JG, Gharavi AG.",Clin J Am Soc Nephrol. 2020 Oct 7;15(10):1497-1510. doi: 10.2215/CJN.15141219. Epub 2020 Jul 9.,Cocchi E,Clin J Am Soc Nephrol,2020,2020-07-11,PMC7536756,,10.2215/CJN.15141219
38190104,Genome-wide study investigating effector genes and polygenic prediction for kidney function in persons with ancestry from Africa and the Americas,"Hughes O, Bentley AR, Breeze CE, Aguet F, Xu X, Nadkarni G, Sun Q, Lin BM, Gilliland T, Meyer MC, Du J, Raffield LM, Kramer H, Morton RW, Gouveia MH, Atkinson EG, Valladares-Salgado A, Wacher-Rodarte N, Dueker ND, Guo X, Hai Y, Adeyemo A, Best LG, Cai J, Chen G, Chong M, Doumatey A, Eales J, Goodarzi MO, Ipp E, Irvin MR, Jiang M, Jones AC, Kooperberg C, Krieger JE, Lange EM, Lanktree MB, Lash JP, Lotufo PA, Loos RJF, Ha My VT, Peralta-Romero J, Qi L, Raffel LJ, Rich SS, Rodriquez EJ, Tarazona-Santos E, Taylor KD, Umans JG, Wen J, Young BA, Yu Z, Zhang Y, Ida Chen YD, Rundek T, Rotter JI, Cruz M, Fornage M, Lima-Costa MF, Pereira AC, Paré G, Natarajan P, Cole SA, Carson AP, Lange LA, Li Y, Perez-Stable EJ, Do R, Charchar FJ, Tomaszewski M, Mychaleckyj JC, Rotimi C, Morris AP, Franceschini N.",Cell Genom. 2024 Jan 10;4(1):100468. doi: 10.1016/j.xgen.2023.100468. Epub 2023 Dec 22.,Hughes O,Cell Genom,2024,2024-01-08,PMC10794846,,10.1016/j.xgen.2023.100468
36623684,Identification of Novel Genetic Risk Factors for Focal Segmental Glomerulosclerosis in Children: Results From the Chronic Kidney Disease in Children (CKiD) Cohort,"Durand A, Winkler CA, Vince N, Douillard V, Geffard E, Binns-Roemer E, Ng DK, Gourraud PA, Reidy K, Warady B, Furth S, Kopp JB, Kaskel FJ, Limou S.",Am J Kidney Dis. 2023 Jun;81(6):635-646.e1. doi: 10.1053/j.ajkd.2022.11.003. Epub 2023 Jan 6.,Durand A,Am J Kidney Dis,2023,2023-01-09,,,10.1053/j.ajkd.2022.11.003
36444934,Whole-exome sequencing study identifies four novel gene loci associated with diabetic kidney disease,"Pan Y, Sun X, Mi X, Huang Z, Hsu Y, Hixson JE, Munzy D, Metcalf G, Franceschini N, Tin A, Köttgen A, Francis M; NHLBI Trans-Omics for Precision Medicine (TOPMed) Consortium TOPMed Kidney Function Working Group; Brody JA, Kestenbaum B, Sitlani CM, Mychaleckyj JC, Kramer H, Lange LA, Guo X, Hwang SJ, Irvin MR, Smith JA, Yanek LR, Vaidya D, Chen YI, Fornage M, Lloyd-Jones DM, Hou L, Mathias RA, Mitchell BD, Peyser PA, Kardia SLR, Arnett DK, Correa A, Raffield LM, Vasan RS, Cupple LA, Levy D, Kaplan RC, North KE, Rotter JI, Kooperberg C, Reiner AP, Psaty BM, Tracy RP, Gibbs RA, Morrison AC, Feldman H, Boerwinkle E, He J, Kelly TN; CRIC Study Investigators.",Hum Mol Genet. 2023 Mar 6;32(6):1048-1060. doi: 10.1093/hmg/ddac290.,Pan Y,Hum Mol Genet,2023,2022-11-29,PMC9990994,,10.1093/hmg/ddac290
38852815,ALK-Rearranged Renal Cell Carcinoma: A Multi-Institutional Study of 9 Cases With Expanding the Morphologic and Molecular Genetic Spectrum,"Zhao M, Yin X, Yang X, Gan H, Chen N, Duan G, Bai Y, Teng X, Xu J, Fang R, Wang S, Zhong S, Wang X, Teng L.",Mod Pathol. 2024 Aug;37(8):100536. doi: 10.1016/j.modpat.2024.100536. Epub 2024 Jun 8.,Zhao M,Mod Pathol,2024,2024-06-09,,,10.1016/j.modpat.2024.100536
37270787,Genetic diagnosis of kidney disease by whole exome sequencing and its clinical application,"Jung J, Lee JH, Seo GH, Keum C, Kang HG, Cho H, Lee H, Park SK, Baek CH, Han R, Lee ST, Cho MH, Yim HE, Koo JW, Lee BH.",Clin Genet. 2023 Sep;104(3):298-312. doi: 10.1111/cge.14382. Epub 2023 Jun 4.,Jung J,Clin Genet,2023,2023-06-04,,,10.1111/cge.14382
35115544,First genome-wide association study investigating blood pressure and renal traits in domestic cats,"Jepson RE, Warren H, Wallace MD, Syme HM, Elliott J, Munroe PB.",Sci Rep. 2022 Feb 3;12(1):1899. doi: 10.1038/s41598-022-05494-3.,Jepson RE,Sci Rep,2022,2022-02-04,PMC8813908,,10.1038/s41598-022-05494-3
32312792,Clinical Integration of Genome Diagnostics for Congenital Anomalies of the Kidney and Urinary Tract,"Westland R, Renkema KY, Knoers NVAM.",Clin J Am Soc Nephrol. 2020 Dec 31;16(1):128-137. doi: 10.2215/CJN.14661119. Epub 2020 Apr 20.,Westland R,Clin J Am Soc Nephrol,2020,2020-04-22,PMC7792653,,10.2215/CJN.14661119
31853010,Design and application of single-cell RNA sequencing to study kidney immune cells in lupus nephritis,"Rao DA, Arazi A, Wofsy D, Diamond B.",Nat Rev Nephrol. 2020 Apr;16(4):238-250. doi: 10.1038/s41581-019-0232-6. Epub 2019 Dec 18.,Rao DA,Nat Rev Nephrol,2020,2019-12-20,PMC7251304,NIHMS1584364,10.1038/s41581-019-0232-6
34067580,A Genome-Wide Association Study for Hypertensive Kidney Disease in Korean Men,"Kim HR, Jin HS, Eom YB.",Genes (Basel). 2021 May 17;12(5):751. doi: 10.3390/genes12050751.,Kim HR,Genes (Basel),2021,2021-06-02,PMC8155956,,10.3390/genes12050751
37624678,Genome-Wide Analysis of Kidney Renal Cell Carcinoma: Exploring Differentially Expressed Genes for Diagnostic and Therapeutic Targets,"Mathur Y, Shafie A, Alharbi B, Ashour AA, Al-Soud WA, Alhassan HH, Alharethi SH, Anjum F.",OMICS. 2023 Aug;27(8):393-401. doi: 10.1089/omi.2023.0056.,Mathur Y,OMICS,2023,2023-08-25,,,10.1089/omi.2023.0056
37103770,"Genetic, clinical, and pathological study of patients with severe hypertension-associated renal microangiopathy","Chen X, Zhang X, Wang Y, Wang S, Zhao M.",J Nephrol. 2023 Dec;36(9):2477-2490. doi: 10.1007/s40620-023-01644-6. Epub 2023 Apr 27.,Chen X,J Nephrol,2023,2023-04-27,,,10.1007/s40620-023-01644-6
39405682,Association of acute exposure to PM(2.5) constituents and sources with kidney injury: A longitudinal panel study of Nrf2 promoter polymorphism,"Xu R, Zhang P, Wu T, Liu H, Wang F, Peng J, Lu S, Jiang X, Li Z, Wei Y.",J Hazard Mater. 2024 Dec 5;480:136141. doi: 10.1016/j.jhazmat.2024.136141. Epub 2024 Oct 11.,Xu R,J Hazard Mater,2024,2024-10-15,,,10.1016/j.jhazmat.2024.136141
39402708,Functional Natural Killer-cell Genetics and Microvascular Inflammation After Kidney Transplantation: An Observational Cohort Study,"Diebold M, Vietzen H, Schatzl M, Mayer KA, Haindl S, Heinzel A, Hittmeyer P, Herz CT, Hopfer H, Menter T, Kühner LM, Berger SM, Puchhammer-Stöckl E, Doberer K, Steiger J, Schaub S, Böhmig GA.",Transplantation. 2025 May 1;109(5):860-870. doi: 10.1097/TP.0000000000005228. Epub 2025 Apr 17.,Diebold M,Transplantation,2025,2024-10-15,PMC12011434,,10.1097/TP.0000000000005228
37489581,Genomic testing for suspected monogenic kidney disease in children and adults: A health economic evaluation,"Wu Y, Jayasinghe K, Stark Z, Quinlan C, Patel C, McCarthy H, Mallawaarachchi AC, Kerr PG, Alexander S, Mallett AJ, Goranitis I; KidGen Collaborative investigators.",Genet Med. 2023 Nov;25(11):100942. doi: 10.1016/j.gim.2023.100942. Epub 2023 Jul 22.,Wu Y,Genet Med,2023,2023-07-25,,,10.1016/j.gim.2023.100942
38905995,Screening of potential drugs for the treatment of diabetic kidney disease using single-cell transcriptome sequencing and connectivity map data,"Li Y, Gao S, Guo Z, Chen Z, Wei Y, Li Y, Ba Y, Liu Z, Bao H.",Biochem Biophys Res Commun. 2024 Sep 17;725:150263. doi: 10.1016/j.bbrc.2024.150263. Epub 2024 Jun 13.,Li Y,Biochem Biophys Res Commun,2024,2024-06-21,,,10.1016/j.bbrc.2024.150263
39819994,The Diagnostic Yield of Genomic Sequencing-based Genetic Kidney Disease Testing in Kidney Transplant Candidates: Experience at an Urban US Transplant Center,"Abu Al Rub F, Elsurer Afsar R, Fleetwood VA, Bastani B, Randall H, Nazzal M, Varma C, Afsar B, Jackson H, Yount S, Wooley C, Light J, Davis V, Caliskan Y, Lentine KL.",Transplantation. 2025 Jul 1;109(7):1201-1208. doi: 10.1097/TP.0000000000005288. Epub 2025 Jan 14.,Abu Al Rub F,Transplantation,2025,2025-01-17,,,10.1097/TP.0000000000005288
33783510,Discovery and fine-mapping of kidney function loci in first genome-wide association study in Africans,"Fatumo S, Chikowore T, Kalyesubula R, Nsubuga RN, Asiki G, Nashiru O, Seeley J, Crampin AC, Nitsch D, Smeeth L, Kaleebu P, Burgess S, Nyirenda M, Franceschini N, Morris AP, Tomlinson L, Newton R.",Hum Mol Genet. 2021 Jul 28;30(16):1559-1568. doi: 10.1093/hmg/ddab088.,Fatumo S,Hum Mol Genet,2021,2021-03-30,PMC8330895,,10.1093/hmg/ddab088
36245662,A Practical Guide to Genetic Testing for Kidney Disorders of Unknown Etiology,"Aron AW, Dahl NK, Besse W.",Kidney360. 2022 Jul 8;3(9):1640-1651. doi: 10.34067/KID.0007552021. eCollection 2022 Sep 29.,Aron AW,Kidney360,2022,2022-10-17,PMC9528385,,10.34067/KID.0007552021
32889981,Exome sequencing as a diagnostic tool in chronic kidney disease: ready for clinical application?,"Leveson J, Oates TM.",Curr Opin Nephrol Hypertens. 2020 Nov;29(6):608-612. doi: 10.1097/MNH.0000000000000639.,Leveson J,Curr Opin Nephrol Hypertens,2020,2020-09-05,,,10.1097/MNH.0000000000000639
36525551,Utility of Banff Human Organ Transplant Gene Panel in Human Kidney Transplant Biopsies,"Smith RN, Rosales IA, Tomaszewski KT, Mahowald GT, Araujo-Medina M, Acheampong E, Bruce A, Rios A, Otsuka T, Tsuji T, Hotta K, Colvin R.",Transplantation. 2023 May 1;107(5):1188-1199. doi: 10.1097/TP.0000000000004389. Epub 2023 Apr 22.,Smith RN,Transplantation,2023,2022-12-16,PMC10132999,NIHMS1835572,10.1097/TP.0000000000004389
40345499,Molecular diagnosis of kidney allograft rejection based on the Banff Human Organ Transplant gene panel: A multicenter international study,"Zielinski D, Goutaudier V, Sablik M, Divard G, Aubert O, Piedrafita A, Mezine F, Dagobert J, Certain A, Robin B, Gueguen J, Rabant M, Duong van Huyen JP, Sannier A, Randoux-Lebrun C, Maanaoui M, Lionet A, Gibier JB, Gnemmi V, Le Quintrec M, Chauveau B, Vermorel A, Couzi L, Bestard O, Elias M, Louis K, Rosales IA, Smith RN, Kung VL, Anglicheau D, Legendre C, Del Bello A, Huang E, Adam B, Kamar N, Colvin RB, Mengel M, Lefaucheur C, Loupy A.",Am J Transplant. 2025 Aug;25(8):1631-1642. doi: 10.1016/j.ajt.2025.04.025. Epub 2025 May 8.,Zielinski D,Am J Transplant,2025,2025-05-09,,,10.1016/j.ajt.2025.04.025
31822006,Utility of Genomic Testing after Renal Biopsy,"Murray SL, Dorman A, Benson KA, Connaughton DM, Stapleton CP, Fennelly NK, Kennedy C, McDonnell CA, Kidd K, Cormican SM, Ryan LA, Lavin P, Little MA, Bleyer AJ, Doyle B, Cavalleri GL, Hildebrandt F, Conlon PJ.",Am J Nephrol. 2020;51(1):43-53. doi: 10.1159/000504869. Epub 2019 Dec 10.,Murray SL,Am J Nephrol,2020,2019-12-11,PMC6957728,NIHMS1061727,10.1159/000504869
40484353,A multicenter prospective cohort study evaluating impact of an active delisting strategy to enable kidney transplantation in wait-listed candidates with calculated Panel Reactive Antibody ≥ 99.9,"Cucchiari D, Mancebo-Sierra E, Caro JL, Meneghini M, Pérez-Saez MJ, López BR, Redondo-Pachón D, Arana C, Bestard O, Andrés A, Moreso F, Crespo M, Palou E, Diekmann F.",Kidney Int. 2025 Nov;108(5):927-937. doi: 10.1016/j.kint.2025.04.031. Epub 2025 Jun 6.,Cucchiari D,Kidney Int,2025,2025-06-08,,,10.1016/j.kint.2025.04.031
32799815,Clinical and genetic characteristics of autosomal recessive polycystic kidney disease in Oman,"Al Alawi I, Molinari E, Al Salmi I, Al Rahbi F, Al Mawali A, Sayer JA.",BMC Nephrol. 2020 Aug 14;21(1):347. doi: 10.1186/s12882-020-02013-2.,Al Alawi I,BMC Nephrol,2020,2020-08-18,PMC7429752,,10.1186/s12882-020-02013-2
36758113,Clinical and Genetic Characteristics of CKD Patients with High-Risk APOL1 Genotypes,"Elliott MD, Marasa M, Cocchi E, Vena N, Zhang JY, Khan A, Krishna Murthy S, Bheda S, Milo Rasouly H, Povysil G, Kiryluk K, Gharavi AG.",J Am Soc Nephrol. 2023 May 1;34(5):909-919. doi: 10.1681/ASN.0000000000000094. Epub 2023 Feb 9.,Elliott MD,J Am Soc Nephrol,2023,2023-02-09,PMC10125632,,10.1681/ASN.0000000000000094
34449333,"Urinary phthalate metabolites mixture, serum cytokines and renal function in children: A panel study","Liu M, Zhao L, Liu L, Guo W, Yang H, Chen S, Yu J, Li M, Fang Q, Lai X, Yang L, Zhu R, Zhang X.",J Hazard Mater. 2022 Jan 15;422:126963. doi: 10.1016/j.jhazmat.2021.126963. Epub 2021 Aug 20.,Liu M,J Hazard Mater,2022,2021-08-27,,,10.1016/j.jhazmat.2021.126963
35120996,Trans-ethnic genome-wide association study of blood metabolites in the Chronic Renal Insufficiency Cohort (CRIC) study,"Rhee EP, Surapaneni A, Zheng Z, Zhou L, Dutta D, Arking DE, Zhang J, Duong T, Chatterjee N, Luo S, Schlosser P, Mehta R, Waikar SS, Saraf SL, Kelly TN, Hamm LL, Rao PS, Mathew AV, Hsu CY, Parsa A, Vasan RS, Kimmel PL, Clish CB, Coresh J, Feldman HI, Grams ME; CKD Biomarkers Consortium and the Chronic Renal Insufficiency Cohort (CRIC) Study Investigators.",Kidney Int. 2022 Apr;101(4):814-823. doi: 10.1016/j.kint.2022.01.014. Epub 2022 Feb 1.,Rhee EP,Kidney Int,2022,2022-02-05,PMC8940669,NIHMS1784863,10.1016/j.kint.2022.01.014
32855195,Preimplantation Genetic Testing for Monogenic Kidney Disease,"Snoek R, Stokman MF, Lichtenbelt KD, van Tilborg TC, Simcox CE, Paulussen ADC, Dreesen JCMF, van Reekum F, Lely AT, Knoers NVAM, de Die-Smulders CEM, van Eerde AM.",Clin J Am Soc Nephrol. 2020 Sep 7;15(9):1279-1286. doi: 10.2215/CJN.03550320. Epub 2020 Aug 27.,Snoek R,Clin J Am Soc Nephrol,2020,2020-08-29,PMC7480540,,10.2215/CJN.03550320
34946851,"Metabolite Genome-Wide Association Study for Indoleamine 2,3-Dioxygenase Activity Associated with Chronic Kidney Disease","Kim HR, Jin HS, Eom YB.",Genes (Basel). 2021 Nov 27;12(12):1905. doi: 10.3390/genes12121905.,Kim HR,Genes (Basel),2021,2021-12-24,PMC8701662,,10.3390/genes12121905
35006361,Whole-exome sequencing and variant spectrum in children with suspected inherited renal tubular disorder: the East India Tubulopathy Gene Study,"Sinha R, Pradhan S, Banerjee S, Jahan A, Akhtar S, Pahari A, Raut S, Parakh P, Basu S, Srivastava P, Nayak S, Thenral SG, Ramprasad V, Ashton E, Bockenhauer D, Mandal K.",Pediatr Nephrol. 2022 Aug;37(8):1811-1836. doi: 10.1007/s00467-021-05388-y. Epub 2022 Jan 10.,Sinha R,Pediatr Nephrol,2022,2022-01-10,,,10.1007/s00467-021-05388-y
34343338,Genetic risk assessment for hereditary renal cell carcinoma: Clinical consensus statement,"Bratslavsky G, Mendhiratta N, Daneshvar M, Brugarolas J, Ball MW, Metwalli A, Nathanson KL, Pierorazio PM, Boris RS, Singer EA, Carlo MI, Daly MB, Henske EP, Hyatt C, Middleton L, Morris G, Jeong A, Narayan V, Rathmell WK, Vaishampayan U, Lee BH, Battle D, Hall MJ, Hafez K, Jewett MAS, Karamboulas C, Pal SK, Hakimi AA, Kutikov A, Iliopoulos O, Linehan WM, Jonasch E, Srinivasan R, Shuch B.",Cancer. 2021 Nov 1;127(21):3957-3966. doi: 10.1002/cncr.33679. Epub 2021 Aug 3.,Bratslavsky G,Cancer,2021,2021-08-03,PMC8711633,NIHMS1706662,10.1002/cncr.33679
34363274,MRI Characteristics of Pediatric Renal Tumors: A SIOP-RTSG Radiology Panel Delphi Study,"van der Beek JN, Watson TA, Nievelstein RAJ, Brisse HJ, Morosi C, Lederman HM, Coma A, Gavra MM, Vult von Steyern K, Lakatos K, Breysem L, Varga E, Ducou Le Pointe H, Lequin MH, Schäfer JF, Mentzel HJ, Hötker AM, Calareso G, Swinson S, Kyncl M, Granata C, Aertsen M, Di Paolo PL, de Krijger RR, Graf N, Olsen ØE, Schenk JP, van den Heuvel-Eibrink MM, Littooij AS.",J Magn Reson Imaging. 2022 Feb;55(2):543-552. doi: 10.1002/jmri.27878. Epub 2021 Aug 6.,van der Beek JN,J Magn Reson Imaging,2022,2021-08-07,PMC9291546,,10.1002/jmri.27878
37391705,Genome-wide association study of dilated cardiomyopathy-induced heart failure associated with renal insufficiency in a Chinese population,"Hu Y, Jin L, Wang Z.",BMC Cardiovasc Disord. 2023 Jun 30;23(1):335. doi: 10.1186/s12872-023-03370-0.,Hu Y,BMC Cardiovasc Disord,2023,2023-06-30,PMC10314512,,10.1186/s12872-023-03370-0
32080893,Genome-wide association study for time to failure of kidney transplants from African American deceased donors,"Divers J, Ma L, Brown WM, Palmer ND, Choi Y, Israni AK, Pastan SO, Julian BA, Gaston RS, Hicks PJ, Reeves-Daniel AM, Freedman BI.",Clin Transplant. 2020 Jun;34(6):e13827. doi: 10.1111/ctr.13827. Epub 2020 Apr 25.,Divers J,Clin Transplant,2020,2020-02-22,PMC7694574,NIHMS1609505,10.1111/ctr.13827
33276865,Clinical and genetic spectra of kidney disease caused by REN mutations,"Schaeffer C, Olinger E.",Kidney Int. 2020 Dec;98(6):1397-1400. doi: 10.1016/j.kint.2020.08.013.,Schaeffer C,Kidney Int,2020,2020-12-05,,,10.1016/j.kint.2020.08.013
32574212,Results of targeted next-generation sequencing in children with cystic kidney diseases often change the clinical diagnosis,"Obeidova L, Seeman T, Fencl F, Blahova K, Hojny J, Elisakova V, Reiterova J, Stekrova J.",PLoS One. 2020 Jun 23;15(6):e0235071. doi: 10.1371/journal.pone.0235071. eCollection 2020.,Obeidova L,PLoS One,2020,2020-06-24,PMC7310724,,10.1371/journal.pone.0235071
37248651,New insights from trio whole-exome sequencing in the children with kidney disease: A single-center retrospective cohort study,"Chen Y, Zhang Y, Huang J, Zeng Y, Qian Y, Chen J, Chen G, Xia G, Wang C, Feng A, Li Z, Chen L, Zheng S, Li F, Weng Z, Zhang C, Yang Y, Lin J, Wu J, Zhang H, Ouyang W, Nie X.",Mol Genet Genomic Med. 2023 Jul;11(7):e2163. doi: 10.1002/mgg3.2163. Epub 2023 May 29.,Chen Y,Mol Genet Genomic Med,2023,2023-05-30,PMC10337271,,10.1002/mgg3.2163
37510393,The Effect of DNA Methylation in the Development and Progression of Chronic Kidney Disease in the General Population: An Epigenome-Wide Association Study Using the Korean Genome and Epidemiology Study Database,"Kim JE, Jo MJ, Cho E, Ahn SY, Kwon YJ, Gim JA, Ko GJ.",Genes (Basel). 2023 Jul 21;14(7):1489. doi: 10.3390/genes14071489.,Kim JE,Genes (Basel),2023,2023-07-29,PMC10379047,,10.3390/genes14071489
40325148,Prognostic significance of circulating tumor DNA alterations in advanced renal cell carcinoma from SCRUM-Japan MONSTAR-SCREEN: a nationwide genomic profiling project,"Kato T, Shiota M, Nishimoto K, Matsubara N, Osawa T, Abe T, Yasumizu Y, Tanaka N, Yamamoto Y, Ishizuya Y, Abutani H, Bando H, Fujisawa T, Nakamura Y, Oya M, Shinohara N, Eto M, Yoshino T, Nonomura N.",Br J Cancer. 2025 Jul;133(1):111-120. doi: 10.1038/s41416-025-02985-8. Epub 2025 May 5.,Kato T,Br J Cancer,2025,2025-05-05,PMC12238367,,10.1038/s41416-025-02985-8
35962481,Parents' experiences with large-scale sequencing for genetic predisposition in pediatric renal cancer: A qualitative study,"Bon SBB, Wouters RHP, Hol JA, Jongmans MCJ, van den Heuvel-Eibrink MM, Grootenhuis MA.",Psychooncology. 2022 Oct;31(10):1692-1699. doi: 10.1002/pon.6016. Epub 2022 Aug 25.,Bon SBB,Psychooncology,2022,2022-08-13,PMC9804506,,10.1002/pon.6016
36404353,Genome-wide association study of the risk of chronic kidney disease and kidney-related traits in the Japanese population: J-Kidney-Biobank,"Sugawara Y, Hirakawa Y, Nagasu H, Narita A, Katayama A, Wada J, Shimizu M, Wada T, Kitamura H, Nakano T, Yokoi H, Yanagita M, Goto S, Narita I, Koshiba S, Tamiya G, Nangaku M, Yamamoto M, Kashihara N.",J Hum Genet. 2023 Feb;68(2):55-64. doi: 10.1038/s10038-022-01094-1. Epub 2022 Nov 21.,Sugawara Y,J Hum Genet,2023,2022-11-20,,,10.1038/s10038-022-01094-1
36072369,Application of metagenomic next-generation sequencing in the diagnosis and treatment of recurrent urinary tract infection in kidney transplant recipients,"Duan W, Yang Y, Zhao J, Yan T, Tian X.",Front Public Health. 2022 Aug 22;10:901549. doi: 10.3389/fpubh.2022.901549. eCollection 2022.,Duan W,Front Public Health,2022,2022-09-08,PMC9441654,,10.3389/fpubh.2022.901549
35099770,The utility of a genetic kidney disease clinic employing a broad range of genomic testing platforms: experience of the Irish Kidney Gene Project,"Elhassan EAE, Murray SL, Connaughton DM, Kennedy C, Cormican S, Cowhig C, Stapleton C, Little MA, Kidd K, Bleyer AJ, Živná M, Kmoch S, Fennelly NK, Doyle B, Dorman A, Griffin MD, Casserly L, Harris PC, Hildebrandt F, Cavalleri GL, Benson KA, Conlon PJ.",J Nephrol. 2022 Jul;35(6):1655-1665. doi: 10.1007/s40620-021-01236-2. Epub 2022 Jan 31.,Elhassan EAE,J Nephrol,2022,2022-01-31,PMC9300532,,10.1007/s40620-021-01236-2
35393322,Diagnostic yield of massively parallel sequencing in patients with chronic kidney disease of unknown etiology: rationale and design of a national prospective cohort study,"de Haan A, Eijgelsheim M, Vogt L, van der Zwaag B, van Eerde AM, Knoers NVAM, de Borst MH.",BMJ Open. 2022 Apr 7;12(4):e057829. doi: 10.1136/bmjopen-2021-057829.,de Haan A,BMJ Open,2022,2022-04-08,PMC8991067,,10.1136/bmjopen-2021-057829
35148957,Genome-wide meta-analysis between renal overload type and renal underexcretion type of clinically defined gout in Japanese populations,"Toyoda Y, Nakayama A, Nakatochi M, Kawamura Y, Nakaoka H, Yamamoto K, Shimizu S, Ooyama H, Ooyama K, Shimizu T, Nagase M, Hidaka Y, Ichida K, Inoue I, Shinomiya N, Matsuo H; Japan Gout Genomics Consortium (Japan Gout).",Mol Genet Metab. 2022 Jul;136(3):186-189. doi: 10.1016/j.ymgme.2022.01.100. Epub 2022 Jan 31.,Toyoda Y,Mol Genet Metab,2022,2022-02-12,,,10.1016/j.ymgme.2022.01.100
39054238,Genetic study in young patients with chronic kidney disease stage G5 from unknown etiology. The GENSEN study design,"Blasco M, Quiroga B, García-Aznar JM, Torra R, Ortiz A, de Sequera P; Grupo colaborativo GENSEN.",Nefrologia (Engl Ed). 2024 Jul-Aug;44(4):568-575. doi: 10.1016/j.nefroe.2023.09.010. Epub 2024 Jul 25.,Blasco M,Nefrologia (Engl Ed),2024,2024-07-25,,,10.1016/j.nefroe.2023.09.010
33838163,Genome-wide association study of serum metabolites in the African American Study of Kidney Disease and Hypertension,"Luo S, Feofanova EV, Tin A, Tung S, Rhee EP, Coresh J, Arking DE, Surapaneni A, Schlosser P, Li Y, Köttgen A, Yu B, Grams ME.",Kidney Int. 2021 Aug;100(2):430-439. doi: 10.1016/j.kint.2021.03.026. Epub 2021 Apr 8.,Luo S,Kidney Int,2021,2021-04-10,PMC8583323,NIHMS1751949,10.1016/j.kint.2021.03.026
37229630,Vitamin C Urinary Loss in Fabry Disease: Clinical and Genomic Characteristics of Vitamin C Renal Leak,"Ebenuwa I, Violet PC, Padayatty SJ, Wang Y, Tu H, Wilkins KJ, Moore DF, Eck P, Schiffmann R, Levine M.",J Nutr. 2023 Jul;153(7):1994-2003. doi: 10.1016/j.tjnut.2022.12.009. Epub 2023 Mar 10.,Ebenuwa I,J Nutr,2023,2023-05-25,PMC10375496,,10.1016/j.tjnut.2022.12.009
36949158,A genome-wide association study identifies a possible role for cannabinoid signalling in the pathogenesis of diabetic kidney disease,"Osman W, Mousa M, Albreiki M, Baalfaqih Z, Daggag H, Hill C, McKnight AJ, Maxwell AP, Al Safar H.",Sci Rep. 2023 Mar 22;13(1):4661. doi: 10.1038/s41598-023-31701-w.,Osman W,Sci Rep,2023,2023-03-23,PMC10033677,,10.1038/s41598-023-31701-w
37759214,Understanding the relationship between circulating lipids and risk of chronic kidney disease: a prospective cohort study and large-scale genetic analyses,"Wang Y, Zhang L, Zhang W, Tang M, Cui H, Wu X, Zhao X, Chen L, Yan P, Yang C, Xiao C, Zou Y, Liu Y, Zhang L, Yang C, Yao Y, Li J, Liu Z, Jiang X, Zhang B.",J Transl Med. 2023 Sep 27;21(1):671. doi: 10.1186/s12967-023-04509-5.,Wang Y,J Transl Med,2023,2023-09-27,PMC10537816,,10.1186/s12967-023-04509-5
39965361,The genomic landscape of metastatic clear-cell renal cell carcinoma and its prognostic value: a comprehensive analysis of a large real-world clinico-genomic database,"Rizzo M, Pezzicoli G, Porta C, Povero M, Pradelli L, Sicari E, Barbiero VS, Porta C.",ESMO Open. 2025 Mar;10(3):104294. doi: 10.1016/j.esmoop.2025.104294. Epub 2025 Feb 17.,Rizzo M,ESMO Open,2025,2025-02-18,PMC11876921,,10.1016/j.esmoop.2025.104294
37978231,Genetic variants of interferon-response factor 5 are associated with the incidence of chronic kidney disease: the D.E.S.I.R. study,"Fumeron F, Velho G, Alzaid F, El Boustany R, Vandiedonck C, Bonnefond A, Froguel P, Potier L, Marre M, Balkau B, Roussel R, Venteclef N.",Genes Immun. 2023 Dec;24(6):303-308. doi: 10.1038/s41435-023-00229-4. Epub 2023 Nov 17.,Fumeron F,Genes Immun,2023,2023-11-18,PMC10721545,,10.1038/s41435-023-00229-4
37037154,"Genetic impact on the association of sleep patterns and chronic kidney disease: A prospective cohort study of 157,175 UK Biobank participants","Li C, Chen Y, Zhao W, Zhang C, Tang L, Ying Z, Chen W, Fu P, Song H, Zhou X, Zeng X.",J Psychosom Res. 2023 Jun;169:111323. doi: 10.1016/j.jpsychores.2023.111323. Epub 2023 Mar 28.,Li C,J Psychosom Res,2023,2023-04-10,,,10.1016/j.jpsychores.2023.111323
38022507,Genetic evidence supporting the causal role of gut microbiota in chronic kidney disease and chronic systemic inflammation in CKD: a bilateral two-sample Mendelian randomization study,"Ren F, Jin Q, Jin Q, Qian Y, Ren X, Liu T, Zhan Y.",Front Immunol. 2023 Nov 2;14:1287698. doi: 10.3389/fimmu.2023.1287698. eCollection 2023.,Ren F,Front Immunol,2023,2023-11-29,PMC10652796,,10.3389/fimmu.2023.1287698
34354814,The diagnostic yield of whole exome sequencing as a first approach in consanguineous Omani renal ciliopathy syndrome patients,"Al Alawi I, Al Riyami M, Barroso-Gil M, Powell L, Olinger E, Al Salmi I, Sayer JA.",F1000Res. 2021 Mar 12;10:207. doi: 10.12688/f1000research.40338.2. eCollection 2021.,Al Alawi I,F1000Res,2021,2021-08-09,PMC8290205,,10.12688/f1000research.40338.2
36627639,Identification of genetic variants associated with diabetic kidney disease in multiple Korean cohorts via a genome-wide association study mega-analysis,"Jin H, Kim YA, Lee Y, Kwon SH, Do AR, Seo S, Won S, Seo JH.",BMC Med. 2023 Jan 11;21(1):16. doi: 10.1186/s12916-022-02723-4.,Jin H,BMC Med,2023,2023-01-10,PMC9832630,,10.1186/s12916-022-02723-4
33108403,The utility of urinary biomarker panel in predicting renal pathology and treatment response in Chinese lupus nephritis patients,"Liu L, Wang R, Ding H, Tian L, Gao T, Bao C.",PLoS One. 2020 Oct 27;15(10):e0240942. doi: 10.1371/journal.pone.0240942. eCollection 2020.,Liu L,PLoS One,2020,2020-10-27,PMC7591050,,10.1371/journal.pone.0240942
38152017,Prospective observational study to validate a next-generation sequencing blood RNA signature to predict early kidney transplant rejection,"Bestard O, Augustine J, Wee A, Poggio E, Mannon RB, Ansari MJ, Bhati C, Maluf D, Benken S, Leca N, La Manna G, Samaniego-Picota M, Shawar S, Concepcion BP, Rostaing L, Alberici F, O'Connell P, Chang A, Salem F, Kattan MW, Gallon L, Donovan MJ.",Am J Transplant. 2024 Mar;24(3):436-447. doi: 10.1016/j.ajt.2023.09.021. Epub 2023 Dec 7.,Bestard O,Am J Transplant,2024,2023-12-28,,,10.1016/j.ajt.2023.09.021
35603906,Cabozantinib-nivolumab sequence in metastatic renal cell carcinoma: The CABIR study,"Vano YA, Phan L, Gravis G, Korakis I, Schlürmann F, Maillet D, Bennamoun M, Houede N, Topart D, Borchiellini D, Barthelemy P, Ratta R, Ryckewaert T, Hasbini A, Hans S, Emambux S, Cournier S, Braychenko E, Elaidi RT, Oudard S.",Int J Cancer. 2022 Oct 15;151(8):1335-1344. doi: 10.1002/ijc.34126. Epub 2022 Jun 6.,Vano YA,Int J Cancer,2022,2022-05-23,PMC9541795,,10.1002/ijc.34126
33095447,Clinical application of a phenotype-based NGS panel for differential diagnosis of inherited kidney disease and beyond,"Oh J, Shin JI, Lee K, Lee C, Ko Y, Lee JS.",Clin Genet. 2021 Feb;99(2):236-249. doi: 10.1111/cge.13869. Epub 2020 Dec 7.,Oh J,Clin Genet,2021,2020-10-23,PMC7839754,,10.1111/cge.13869
34521993,Eosinophilic vacuolated tumor (EVT) of kidney demonstrates sporadic TSC/MTOR mutations: next-generation sequencing multi-institutional study of 19 cases,"Farcaş M, Gatalica Z, Trpkov K, Swensen J, Zhou M, Alaghehbandan R, Williamson SR, Magi-Galluzzi C, Gill AJ, Tretiakova M, Lopez JI, Montiel DP, Sperga M, Comperat E, Brimo F, Yilmaz A, Siadat F, Sangoi A, Gao Y, Ptákova N, Kuthi L, Pivovarcikova K, Rogala J, Agaimy A, Hartmann A, Fraune C, Rychly B, Hurnik P, Durcansky D, Bonert M, Gakis G, Michal M, Hora M, Hes O.",Mod Pathol. 2022 Mar;35(3):344-351. doi: 10.1038/s41379-021-00923-6. Epub 2021 Sep 14.,Farcaş M,Mod Pathol,2022,2021-09-15,,,10.1038/s41379-021-00923-6
36688940,Genetic testing in children with nephrolithiasis and nephrocalcinosis,"Gefen AM, Sethna CB, Cil O, Perwad F, Schoettler M, Michael M, Angelo JR, Safdar A, Amlie-Wolf L, Hunley TE, Ellison JS, Feig D, Zaritsky J.",Pediatr Nephrol. 2023 Aug;38(8):2615-2622. doi: 10.1007/s00467-023-05879-0. Epub 2023 Jan 23.,Gefen AM,Pediatr Nephrol,2023,2023-01-23,PMC11071637,NIHMS1987406,10.1007/s00467-023-05879-0
35980750,TSC/MTOR -associated Eosinophilic Renal Tumors Exhibit a Heterogeneous Clinicopathologic Spectrum : A Targeted Next-generation Sequencing and Gene Expression Profiling Study,"Xia QY, Wang XT, Zhao M, He HY, Fang R, Ye SB, Li R, Wang X, Zhang RS, Lu ZF, Ma HH, Wang ZY, Rao Q.",Am J Surg Pathol. 2022 Nov 1;46(11):1562-1576. doi: 10.1097/PAS.0000000000001955. Epub 2022 Aug 19.,Xia QY,Am J Surg Pathol,2022,2022-08-18,,,10.1097/PAS.0000000000001955
34946941,A Custom Target Next-Generation Sequencing 70-Gene Panel and Replication Study to Identify Genetic Markers of Diabetic Kidney Disease,"Mota-Zamorano S, González LM, Robles NR, Valdivielso JM, Cancho B, López-Gómez J, Gervasini G.",Genes (Basel). 2021 Dec 15;12(12):1992. doi: 10.3390/genes12121992.,Mota-Zamorano S,Genes (Basel),2021,2021-12-24,PMC8702126,,10.3390/genes12121992
31646670,Genome-wide screening and cohorts validation identifying novel lncRNAs as prognostic biomarkers for clear cell renal cell carcinoma,"Zhang C, Huang D, Liu A, Xu Y, Na R, Xu D.",J Cell Biochem. 2020 Mar;121(3):2559-2570. doi: 10.1002/jcb.29478. Epub 2019 Oct 23.,Zhang C,J Cell Biochem,2020,2019-10-25,,,10.1002/jcb.29478
34545573,Clinical and genetic factors are associated with kidney complications in African children with sickle cell anaemia,"Adebayo OC, Betukumesu DK, Nkoy AB, Adesoji OM, Ekulu PM, Van den Heuvel LP, Levtchenko EN, Labarque V.",Br J Haematol. 2022 Jan;196(1):204-214. doi: 10.1111/bjh.17832. Epub 2021 Sep 20.,Adebayo OC,Br J Haematol,2022,2021-09-21,,,10.1111/bjh.17832
39333970,Multi-sequence MRI-based radiomics model to preoperatively predict the WHO/ISUP grade of clear Cell Renal Cell Carcinoma: a two-center study,"Chen R, Su Q, Li Y, Shen P, Zhang J, Tan Y.",BMC Cancer. 2024 Sep 27;24(1):1176. doi: 10.1186/s12885-024-12930-2.,Chen R,BMC Cancer,2024,2024-09-28,PMC11438199,,10.1186/s12885-024-12930-2
34134020,Wilms tumour surveillance in at-risk children: Literature review and recommendations from the SIOP-Europe Host Genome Working Group and SIOP Renal Tumour Study Group,"Hol JA, Jewell R, Chowdhury T, Duncan C, Nakata K, Oue T, Gauthier-Villars M, Littooij AS, Kaneko Y, Graf N, Bourdeaut F, van den Heuvel-Eibrink MM, Pritchard-Jones K, Maher ER, Kratz CP, Jongmans MCJ.",Eur J Cancer. 2021 Aug;153:51-63. doi: 10.1016/j.ejca.2021.05.014. Epub 2021 Jun 13.,Hol JA,Eur J Cancer,2021,2021-06-16,,,10.1016/j.ejca.2021.05.014
34565606,Hypertensive Diseases in Pregnancy and Kidney Function Later in Life: The Genetic Epidemiology Network of Arteriopathy (GENOA) Study,"Oshunbade AA, Lirette ST, Windham BG, Shafi T, Hamid A, Gbadamosi SO, Tin A, Yimer WK, Tibuakuu M, Clark D 3rd, Kamimura D, Lutz EA, Mentz RJ, Fox ER, Butler J, Butler KR, Garovic VD, Turner ST, Mosley TH Jr, Hall ME.",Mayo Clin Proc. 2022 Jan;97(1):78-87. doi: 10.1016/j.mayocp.2021.07.018. Epub 2021 Sep 24.,Oshunbade AA,Mayo Clin Proc,2022,2021-09-27,PMC9031057,NIHMS1796631,10.1016/j.mayocp.2021.07.018
32029730,Integrative genomic study of Chinese clear cell renal cell carcinoma reveals features associated with thrombus,"Wang XM, Lu Y, Song YM, Dong J, Li RY, Wang GL, Wang X, Zhang SD, Dong ZH, Lu M, Wang SY, Ge LY, Luo GD, Ma RZ, George Rozen S, Bai F, Wu D, Ma LL.",Nat Commun. 2020 Feb 6;11(1):739. doi: 10.1038/s41467-020-14601-9.,Wang XM,Nat Commun,2020,2020-02-08,PMC7005298,,10.1038/s41467-020-14601-9
35064937,Multicenter study on the genetics of glomerular diseases among southeast and south Asians: Deciphering Diversities - Renal Asian Genetics Network (DRAGoN),"Lu L, Yap YC, Nguyen DQ, Chan YH, Ng JL, Zhang YC, Chan CY, Than M, Liu ID, Asim S, Moorani K, Naeem B, Ijaz I, Nguyen TMT, Lee ML, Eng C, Huque SS, Ng YH, Ganesan I, Chao SM, Chong SL, Tan PH, Loh A, Davila S, Kumar V, Ling JZ, Moorakonda RB, Tan KM, Ng AY, Poon KS, Schaefer F, Lipska-Zietkiewicz B, Yap HK, Ng KH; Deciphering Diversities: Renal Asian Genetics Network (DRAGoN).",Clin Genet. 2022 May;101(5-6):541-551. doi: 10.1111/cge.14116. Epub 2022 Feb 1.,Lu L,Clin Genet,2022,2022-01-22,,,10.1111/cge.14116
36463540,Agreement of somatic and renal near-infrared spectroscopy with reference blood samples during a controlled hypoxia sequence: a healthy volunteer study,"De Keijzer IN, Massari D, Niezen CK, Bokkers RPH, Vos JJ, Scheeren TWL.",J Clin Monit Comput. 2023 Jun;37(3):805-814. doi: 10.1007/s10877-022-00944-9. Epub 2022 Dec 4.,De Keijzer IN,J Clin Monit Comput,2023,2022-12-04,PMC10175462,,10.1007/s10877-022-00944-9
32398770,Matching clinical and genetic diagnoses in autosomal dominant polycystic kidney disease reveals novel phenocopies and potential candidate genes,"Schönauer R, Baatz S, Nemitz-Kliemchen M, Frank V, Petzold F, Sewerin S, Popp B, Münch J, Neuber S, Bergmann C, Halbritter J.",Genet Med. 2020 Aug;22(8):1374-1383. doi: 10.1038/s41436-020-0816-3. Epub 2020 May 13.,Schönauer R,Genet Med,2020,2020-05-14,PMC7394878,,10.1038/s41436-020-0816-3
33958773,Clinical versus research genomics in kidney disease,"Mallett AJ, Knoers N, Sayer J, Stark Z.",Nat Rev Nephrol. 2021 Sep;17(9):570-571. doi: 10.1038/s41581-021-00436-0.,Mallett AJ,Nat Rev Nephrol,2021,2021-05-07,,,10.1038/s41581-021-00436-0
38347632,Novel genetic markers for chronic kidney disease in a geographically isolated population of Indigenous Australians: Individual and multiple phenotype genome-wide association study,"Arunachalam V, Lea R, Hoy W, Lee S, Mott S, Savige J, Mathews JD, McMorran BJ, Nagaraj SH.",Genome Med. 2024 Feb 12;16(1):29. doi: 10.1186/s13073-024-01299-3.,Arunachalam V,Genome Med,2024,2024-02-12,PMC10860247,,10.1186/s13073-024-01299-3
34148064,Diagnostic utility of one-stop fusion gene panel to detect TFE3/TFEB gene rearrangement and amplification in renal cell carcinomas,"Harada S, Caliò A, Janowski KM, Morlote D, Rodriguez Pena MD, Canete-Portillo S, Harbi D, DeFrank G, Magi-Galluzzi C, Netto GJ, Martignoni G, Mackinnon AC.",Mod Pathol. 2021 Nov;34(11):2055-2063. doi: 10.1038/s41379-021-00858-y. Epub 2021 Jun 19.,Harada S,Mod Pathol,2021,2021-06-20,,,10.1038/s41379-021-00858-y
34327334,Genetic Analysis in Kidney Disease: Advancing Clinical Diagnosis and Research Discovery,Besse W.,Kidney360. 2020 Aug;1(8):720-723. doi: 10.34067/kid.0003632020. Epub 2020 Aug 27.,Besse W,Kidney360,2020,2021-07-30,PMC8317592,NIHMS1665502,10.34067/kid.0003632020
37042117,Molecular genetic diagnosis of kidney ciliopathies: Lessons from interpreting genomic sequencing data and the requirement for accurate phenotypic data,"Orr S, Olinger E, Iosifidou S, Barroso-Gil M, Neatu R, Wood K, Wilson I; Genomics England Research Consortium; Sayer JA.",Ann Hum Genet. 2024 Jan;88(1):76-85. doi: 10.1111/ahg.12508. Epub 2023 Apr 12.,Orr S,Ann Hum Genet,2024,2023-04-12,,,10.1111/ahg.12508
39150521,Clinical characteristics and genetic profile of children with WDR72-associated distal renal tubular acidosis: a nationwide experience,"Deepthi B, Krishnasamy S, Krishnamurthy S, Khandelwal P, Sinha A, Hari P, Jaikumar R, Agrawal P, Saha A, Deepthi RV, Agarwal I, Sinha R, Venkatachari M, Shah MA, Bhatt GC, Krishnan B, Vasudevan A, Bagga A, Krishnamurthy S.",Pediatr Nephrol. 2025 Feb;40(2):407-416. doi: 10.1007/s00467-024-06478-3. Epub 2024 Aug 16.,Deepthi B,Pediatr Nephrol,2025,2024-08-16,,,10.1007/s00467-024-06478-3
35369652,Association of Blood Pressure Genetic Risk Score with Cardiovascular Disease and CKD Progression: Findings from the CRIC Study,"Nierenberg JL, Anderson AH, He J, Parsa A, Srivastava A, Cohen JB, Saraf SL, Rahman M, Rosas SE, Kelly TN; CRIC Study Investigators.",Kidney360. 2021 Apr 8;2(8):1251-1260. doi: 10.34067/KID.0007632020. eCollection 2021 Aug 26.,Nierenberg JL,Kidney360,2021,2022-04-04,PMC8676389,,10.34067/KID.0007632020
38906652,Genomics in the kidney transplant clinic: the future standard of care?,"Cornec-Le Gall E, Mallett AJ.",Kidney Int. 2024 Jul;106(1):18-20. doi: 10.1016/j.kint.2024.05.003.,Cornec-Le Gall E,Kidney Int,2024,2024-06-21,,,10.1016/j.kint.2024.05.003
35244702,Effects of Testing and Disclosing Ancestry-Specific Genetic Risk for Kidney Failure on Patients and Health Care Professionals: A Randomized Clinical Trial,"Nadkarni GN, Fei K, Ramos MA, Hauser D, Bagiella E, Ellis SB, Sanderson S, Scott SA, Sabin T, Madden E, Cooper R, Pollak M, Calman N, Bottinger EP, Horowitz CR.",JAMA Netw Open. 2022 Mar 1;5(3):e221048. doi: 10.1001/jamanetworkopen.2022.1048.,Nadkarni GN,JAMA Netw Open,2022,2022-03-04,PMC8897752,,10.1001/jamanetworkopen.2022.1048
39363241,Contribution of Genomic Imbalance in Prenatal Congenital Anomalies of the Kidney and Urinary Tract: A Multi-Center Cohort Study,"Li K, Wang H, Chau MHK, Dong Z, Cao Y, Zheng Y, Leung TY, Choy KW, Zhu Y.",Prenat Diagn. 2024 Nov;44(12):1451-1461. doi: 10.1002/pd.6674. Epub 2024 Oct 3.,Li K,Prenat Diagn,2024,2024-10-03,,,10.1002/pd.6674
32299846,Pilot Study of Return of Genetic Results to Patients in Adult Nephrology,"Nestor JG, Marasa M, Milo-Rasouly H, Groopman EE, Husain SA, Mohan S, Fernandez H, Aggarwal VS, Ahram DF, Vena N, Bogyo K, Bomback AS, Radhakrishnan J, Appel GB, Ahn W, Cohen DJ, Canetta PA, Dube GK, Rao MK, Morris HK, Crew RJ, Sanna-Cherchi S, Kiryluk K, Gharavi AG.",Clin J Am Soc Nephrol. 2020 May 7;15(5):651-664. doi: 10.2215/CJN.12481019. Epub 2020 Apr 16.,Nestor JG,Clin J Am Soc Nephrol,2020,2020-04-18,PMC7269209,,10.2215/CJN.12481019
32779812,Molecular diagnostic in fetuses with isolated congenital anomalies of the kidney and urinary tract by whole-exome sequencing,"Zhou X, Wang Y, Shao B, Wang C, Hu P, Qiao F, Xu Z.",J Clin Lab Anal. 2020 Nov;34(11):e23480. doi: 10.1002/jcla.23480. Epub 2020 Aug 11.,Zhou X,J Clin Lab Anal,2020,2020-08-12,PMC7676188,,10.1002/jcla.23480
39626636,Clinical Implementation of Nephrologist-Led Genomic Testing for Glomerular Diseases in Singapore: Rationale and Protocol,"Lim C, Lim RS, Choo J, Leow EH, Chan GC, Zhang Y, Ng JL, Chin HL, Tan ES, Goh J, Gandhi N, Ng YH, Than M, Ganesan I, Chong SL, Yap C, Chao SM, Cham B, Kam S, Lim JY, Mok I, Tan HZ, Kwek JL, Lee TL, Wang Z, Goh SM, Lim R, Yeo SC, Teo BW, Da Y, Matchar D, Ng KH.",Am J Nephrol. 2025;56(2):158-171. doi: 10.1159/000542942. Epub 2024 Dec 3.,Lim C,Am J Nephrol,2025,2024-12-03,PMC11975324,,10.1159/000542942
38932496,Discovery of genomic and transcriptomic pleiotropy between kidney function and soluble receptor for advanced glycation end products using correlated meta-analyses: The Long Life Family Study,"Feitosa MF, Lin SJ, Acharya S, Thyagarajan B, Wojczynski MK, Kuipers AL, Kulminski A, Christensen K, Zmuda JM, Brent MR, Province MA.",Aging Cell. 2024 Oct;23(10):e14261. doi: 10.1111/acel.14261. Epub 2024 Jun 26.,Feitosa MF,Aging Cell,2024,2024-06-27,PMC11464144,,10.1111/acel.14261
33407230,Genetic identification of inherited cystic kidney diseases for implementing precision medicine: a study protocol for a 3-year prospective multicenter cohort study,"Park HC, Ryu H, Kim YC, Ahn C, Lee KB, Kim YH, Kim Y, Han S, Kim Y, Bae EH, Ma SK, Kang HG, Ahn YH, Park E, Jeong K, Lee J, Choi J, Oh KH, Oh YK.",BMC Nephrol. 2021 Jan 6;22(1):2. doi: 10.1186/s12882-020-02207-8.,Park HC,BMC Nephrol,2021,2021-01-07,PMC7786983,,10.1186/s12882-020-02207-8
37864521,Genomic ancestry in kidney cancer: Correlations with clinical and molecular features,"Kotecha RR, Knezevic A, Arora K, Bandlamudi C, Kuo F, Carlo MI, Fitzgerald KN, Feldman DR, Shah NJ, Reznik E, Hakimi AA, Carrot-Zhang J, Mandelker D, Berger M, Lee CH, Motzer RJ, Voss MH.",Cancer. 2024 Mar 1;130(5):692-701. doi: 10.1002/cncr.35074. Epub 2023 Oct 21.,Kotecha RR,Cancer,2024,2023-10-21,PMC11220722,NIHMS1999744,10.1002/cncr.35074
33693791,Observational or Genetically Predicted Higher Vegetable Intake and Kidney Function Impairment: An Integrated Population-Scale Cross-Sectional Analysis and Mendelian Randomization Study,"Park S, Lee S, Kim Y, Lee Y, Kang MW, Kim K, Kim YC, Han SS, Lee H, Lee JP, Joo KW, Lim CS, Kim YS, Kim DK.",J Nutr. 2021 May 11;151(5):1167-1174. doi: 10.1093/jn/nxaa452.,Park S,J Nutr,2021,2021-03-11,,,10.1093/jn/nxaa452
32969247,Clinical and genetic markers of erythropoietin deficiency anemia in chronic kidney disease (predialysis) patients,"Yugavathy N, Huri HZ, Kun LS, Bin Abdul Gafor AH, Geot WM, Bavanandan S, Seng WH.",Biomark Med. 2020 Aug;14(12):1099-1108. doi: 10.2217/bmm-2020-0205.,Yugavathy N,Biomark Med,2020,2020-09-24,,,10.2217/bmm-2020-0205
35429337,Higher genetically predicted low-density lipoprotein levels increase the renal cancer risk independent of triglycerides and high-density lipoprotein levels: A Mendelian randomization study,"Ma Y, Jian Z, Xiang L, Jin X.",Int J Cancer. 2022 Aug 15;151(4):518-525. doi: 10.1002/ijc.34032. Epub 2022 May 3.,Ma Y,Int J Cancer,2022,2022-04-16,,,10.1002/ijc.34032
38547852,Introducing Exome Sequencing as Part of the Diagnostic Algorithm for Pediatric Nephrology Patients in Bulgaria: A Single-Center Experience,"Beltcheva O, Kamenarova K, Zlatanova G, Mihova K, Roussinov D, Kachakova D, Georgiev M, Nikolova E, Gaydarova M, Mitev V, Kaneva R.",Nephron. 2024;148(9):643-656. doi: 10.1159/000538172. Epub 2024 Mar 28.,Beltcheva O,Nephron,2024,2024-03-28,,,10.1159/000538172
39143076,Identification of interactions between genetic risk scores and dietary patterns for personalized prevention of kidney dysfunction in a population-based cohort,"Jang MJ, Tan LJ, Park MY, Shin S, Kim JM.",Nutr Diabetes. 2024 Aug 14;14(1):62. doi: 10.1038/s41387-024-00316-z.,Jang MJ,Nutr Diabetes,2024,2024-08-14,PMC11325018,,10.1038/s41387-024-00316-z
37228720,Metagenomic next-generation sequencing confirms the diagnosis of Legionella pneumonia with rhabdomyolysis and acute kidney injury in a limited resource area: a case report and review,"Du R, Feng Y, Wang Y, Huang J, Tao Y, Mao H.",Front Public Health. 2023 May 9;11:1145733. doi: 10.3389/fpubh.2023.1145733. eCollection 2023.,Du R,Front Public Health,2023,2023-05-25,PMC10205016,,10.3389/fpubh.2023.1145733
34628264,Identification of a four-microRNA panel in serum for screening renal cell carcinoma,"Chen X, Li R, Li X, Peng X, Zhang C, Liu K, Huang G, Lai Y.",Pathol Res Pract. 2021 Nov;227:153625. doi: 10.1016/j.prp.2021.153625. Epub 2021 Sep 24.,Chen X,Pathol Res Pract,2021,2021-10-10,,,10.1016/j.prp.2021.153625
36547129,"A Novel, Simple, and Low-Cost Approach for Machine Learning Screening of Kidney Cancer: An Eight-Indicator Blood Test Panel with Predictive Value for Early Diagnosis","Li H, Wang F, Huang W.",Curr Oncol. 2022 Nov 24;29(12):9135-9149. doi: 10.3390/curroncol29120715.,Li H,Curr Oncol,2022,2022-12-22,PMC9776815,,10.3390/curroncol29120715
40533884,"Diagnostic Yield and Clinical Impact of a Small Genetic Panel for Kidney Disease: A Multicenter, Retrospective European Study","Giovanella S, Poyatos-Andújar AM, Garcia MMA, Avila-Fernandez A, Bustamante-Aragonés A, Ayuso C, Percesepe A, Martorana D, Ferri M, Terracciano A, Massella L, Chester J, Testa F, Ligabue G, Ferrarini M, Gibertoni D, Alfano G, Tenedini E, Artuso L, Marino M, Calabrese O, Tagliafico E, Magistroni R.",Clin Genet. 2026 Jan;109(1):136-140. doi: 10.1111/cge.70002. Epub 2025 Jun 18.,Giovanella S,Clin Genet,2026,2025-06-19,PMC12674980,,10.1111/cge.70002
34923958,Improve in-depth immunological risk assessment to optimize genetic-compatibility and clinical outcomes in child and adolescent recipients of parental donor kidney transplants: protocol for the INCEPTION study,"Lim WH, Adams B, Alexander S, Bouts AHM, Claas F, Collins M, Cornelissen E, Dunckley H, de Jong H, D'Orsogna L, Francis A, Heidt S, Herman J, Holdsworth R, Kausman J, Khalid R, Kim JJ, Kim S, Knops N, Kosmoliaptsis V, Kramer C, Kuypers D, Larkins N, Palmer SC, Prestidge C, Prytula A, Sharma A, Shingde M, Taverniti A, Teixeira-Pinto A, Trnka P, Willis F, Wong D, Wong G.",BMC Nephrol. 2021 Dec 19;22(1):416. doi: 10.1186/s12882-021-02619-0.,Lim WH,BMC Nephrol,2021,2021-12-20,PMC8684542,,10.1186/s12882-021-02619-0
39832277,Distinct genetic risk loci between biopsy-proven renal and non-renal lupus: a 10-year longitudinal cohort,"Chan SCW, Lei Y, Yap DYH, Lee PPW, Lai WM, Ying SKY, Leung AMH, Mok CC, Lee KL, Lau CS, Yang W, Li PH.",Rheumatology (Oxford). 2025 Jun 1;64(6):4005-4013. doi: 10.1093/rheumatology/keaf027.,Chan SCW,Rheumatology (Oxford),2025,2025-01-20,,,10.1093/rheumatology/keaf027
31999492,Molecular Diagnosis and Identification of Genetic Variants Underlying Distal Renal Tubular Acidosis in Pakistani Patients Using Whole Exome Sequencing,"Khan N, Akhtar N, Khan FF, Hussain S, Naeem M.",Genet Test Mol Biomarkers. 2020 Feb;24(2):85-91. doi: 10.1089/gtmb.2019.0195.,Khan N,Genet Test Mol Biomarkers,2020,2020-01-31,,,10.1089/gtmb.2019.0195
32723786,Diagnostic utility of genetic testing in patients undergoing renal biopsy,"Benson KA, Murray SL, Doyle R, Doyle B, Dorman AM, Sadlier D, Brennan E, Large M, Cavalleri GL, Godson C, Conlon PJ.",Cold Spring Harb Mol Case Stud. 2020 Oct 7;6(5):a005462. doi: 10.1101/mcs.a005462. Print 2020 Oct.,Benson KA,Cold Spring Harb Mol Case Stud,2020,2020-07-30,PMC7552929,,10.1101/mcs.a005462
33107440,Validation of a next-generation sequencing (NGS) panel to improve the diagnosis of X-linked hypophosphataemia (XLH) and other genetic disorders of renal phosphate wasting,"Thiele S, Werner R, Stubbe A, Hiort O, Hoeppner W.",Eur J Endocrinol. 2020 Nov;183(5):497-504. doi: 10.1530/EJE-20-0275.,Thiele S,Eur J Endocrinol,2020,2020-10-27,PMC7592643,,10.1530/EJE-20-0275
30953057,Contribution of Genetic Background and Data Collection on Adverse Events of Anti-human Immunodeficiency Virus (HIV) Drugs (D:A:D) Clinical Risk Score to Chronic Kidney Disease in Swiss HIV-infected Persons With Normal Baseline Estimated Glomerular Filtration Rate,"Dietrich LG, Barceló C, Thorball CW, Ryom L, Burkhalter F, Hasse B, Furrer H, Weisser M, Steffen A, Bernasconi E, Cavassini M, de Seigneux S, Csajka C, Fellay J, Ledergerber B, Tarr PE.",Clin Infect Dis. 2020 Feb 14;70(5):890-897. doi: 10.1093/cid/ciz280.,Dietrich LG,Clin Infect Dis,2020,2019-04-07,,,10.1093/cid/ciz280
37468236,Clinical phenotype and genetic function analysis of a rare family with hereditary leiomyomatosis and renal cell carcinoma complicated with Birt-Hogg-Dubé syndrome,"Pan HH, Ruan DD, Wu M, Chen T, Lu T, Gan YM, Wang C, Liao LS, Lin XF, Chen X, Zhu YB, Fang ZT, Yu QH, Yang GK, Ye LF, Luo JW.",J Med Genet. 2023 Nov 27;60(12):1210-1214. doi: 10.1136/jmg-2023-109328.,Pan HH,J Med Genet,2023,2023-07-19,,,10.1136/jmg-2023-109328
32803290,Genetic and clinical determinants of mizoribine pharmacokinetics in renal transplant recipients,"Dai R, Li J, Wu J, Fu Q, Yan J, Zhong G, Wang C, Chen X, Chen P.",Eur J Clin Pharmacol. 2021 Jan;77(1):45-53. doi: 10.1007/s00228-020-02936-7. Epub 2020 Aug 15.,Dai R,Eur J Clin Pharmacol,2021,2020-08-18,,,10.1007/s00228-020-02936-7
38609702,Diagnostic magnetic resonance imaging characteristics of congenital mesoblastic nephroma: a retrospective multi-center International Society of Pediatric Oncology-Renal Tumor Study Group (SIOP-RTSG) radiology panel study,"van der Beek JN, Schenk JP, Morosi C, Watson TA, Coma A, Graf N, Chowdhury T, Ramírez-Villar GL, Spreafico F, Welter N, Dzhuma K, van Tinteren H, de Krijger RR, van den Heuvel-Eibrink MM, Littooij AS.",Pediatr Radiol. 2024 May;54(6):965-976. doi: 10.1007/s00247-024-05918-4. Epub 2024 Apr 13.,van der Beek JN,Pediatr Radiol,2024,2024-04-12,PMC11111520,,10.1007/s00247-024-05918-4
32600054,Genome-Wide Association of Kidney Traits in Hispanics/Latinos Using Dense Imputed Whole-Genome Sequencing Data: The Hispanic Community Health Study/Study of Latinos,"Qian H, Kowalski MH, Kramer HJ, Tao R, Lash JP, Stilp AM, Cai J, Li Y, Franceschini N.",Circ Genom Precis Med. 2020 Aug;13(4):e002891. doi: 10.1161/CIRCGEN.119.002891. Epub 2020 Jun 29.,Qian H,Circ Genom Precis Med,2020,2020-07-01,PMC7442703,NIHMS1612181,10.1161/CIRCGEN.119.002891
32828237,Autosomal dominant tubulointerstitial kidney disease: a new tool to guide genetic testing,"LaFavers KA, El-Achkar TM.",Kidney Int. 2020 Sep;98(3):549-552. doi: 10.1016/j.kint.2020.05.046.,LaFavers KA,Kidney Int,2020,2020-08-24,PMC8063263,NIHMS1691566,10.1016/j.kint.2020.05.046
39107157,Real-world Treatment Sequencing and Outcomes With Cabozantinib After First-line Immune Checkpoint Inhibitor-based Combination Therapy For Patients With Advanced Renal Cell Carcinoma: CARINA Study Results,"Nathan P, Venugopal B, Ali J, Allison J, Ceruso M, Charnley N, Griffiths R, Michael A, Moore K, Perrot V, Prendergast Á, Sharma A, Szabados B, Larkin J.",Clin Genitourin Cancer. 2024 Oct;22(5):102141. doi: 10.1016/j.clgc.2024.102141. Epub 2024 Jun 26.,Nathan P,Clin Genitourin Cancer,2024,2024-08-06,,,10.1016/j.clgc.2024.102141
33534524,Integrating APOL1 Kidney-risk Variant Testing in Live Kidney Donor Evaluation: An Expert Panel Opinion,"Doshi MD, Gordon EJ, Freedman BI, Glover C, Locke JE, Thomas CP.",Transplantation. 2021 Oct 1;105(10):2132-2134. doi: 10.1097/TP.0000000000003641.,Doshi MD,Transplantation,2021,2021-02-03,PMC8994118,NIHMS1793280,10.1097/TP.0000000000003641
34197840,A genome-wide association study suggests correlations of common genetic variants with peritoneal solute transfer rates in patients with kidney failure receiving peritoneal dialysis,"Mehrotra R, Stanaway IB, Jarvik GP, Lambie M, Morelle J, Perl J, Himmelfarb J, Heimburger O, Johnson DW, Imam TH, Robinson B, Stenvinkel P, Devuyst O, Davies SJ; Bio-PD Consortium.",Kidney Int. 2021 Nov;100(5):1101-1111. doi: 10.1016/j.kint.2021.05.037. Epub 2021 Jun 29.,Mehrotra R,Kidney Int,2021,2021-07-01,PMC8545920,NIHMS1743876,10.1016/j.kint.2021.05.037
32334565,The fertility willingness and acceptability of preimplantation genetic testing in Chinese patients with autosomal dominant polycystic kidney disease,"Sun M, Xue C, Lu Y, Ma Y, Pan T, Wang X, Fan L, Shen J, Hao Y, Zheng D, Li J, Li M, He Y, Mei C.",BMC Nephrol. 2020 Apr 25;21(1):147. doi: 10.1186/s12882-020-01785-x.,Sun M,BMC Nephrol,2020,2020-04-27,PMC7183678,,10.1186/s12882-020-01785-x
36782285,The role of genetic testing in the diagnostic workflow of pediatric patients with kidney diseases: the experience of a single institution,"Vaisitti T, Bracciamà V, Faini AC, Brach Del Prever GM, Callegari M, Kalantari S, Mioli F, Romeo CM, Luca M, Camilla R, Mattozzi F, Gianoglio B, Peruzzi L, Amoroso A, Deaglio S.",Hum Genomics. 2023 Feb 13;17(1):10. doi: 10.1186/s40246-023-00456-w.,Vaisitti T,Hum Genomics,2023,2023-02-14,PMC9926680,,10.1186/s40246-023-00456-w
35314744,Identification of co-expression hub genes for ferroptosis in kidney renal clear cell carcinoma based on weighted gene co-expression network analysis and The Cancer Genome Atlas clinical data,"Li S, Xu X, Zhang R, Huang Y.",Sci Rep. 2022 Mar 21;12(1):4821. doi: 10.1038/s41598-022-08950-2.,Li S,Sci Rep,2022,2022-03-22,PMC8938444,,10.1038/s41598-022-08950-2
38574989,A candidate panel of eight urinary proteins shows potential of early diagnosis and risk assessment for diabetic kidney disease in type 1 diabetes,"Altman J, Bai S, Purohit S, White J, Steed D, Liu S, Hopkins D, She JX, Sharma A, Zhi W.",J Proteomics. 2024 May 30;300:105167. doi: 10.1016/j.jprot.2024.105167. Epub 2024 Apr 2.,Altman J,J Proteomics,2024,2024-04-04,,,10.1016/j.jprot.2024.105167
31852011,"Clinical features, genetic background, and outcome in infants with urinary tract infection and type IV renal tubular acidosis","Tseng MH, Huang JL, Huang SM, Tsai JD, Wu TW, Fan WL, Ding JJ, Lin SH.",Pediatr Res. 2020 Jun;87(7):1251-1255. doi: 10.1038/s41390-019-0727-7. Epub 2019 Dec 18.,Tseng MH,Pediatr Res,2020,2019-12-19,,,10.1038/s41390-019-0727-7
33107222,Functional and genomic characterization of patient-derived xenograft model to study the adaptation to mTORC1 inhibitor in clear cell renal cell carcinoma,"Sakamoto H, Yamasaki T, Sumiyoshi T, Takeda M, Shibasaki N, Utsunomiya N, Arakaki R, Akamatsu S, Kobayashi T, Inoue T, Kamba T, Nakamura E, Ogawa O.",Cancer Med. 2021 Jan;10(1):119-134. doi: 10.1002/cam4.3578. Epub 2020 Oct 27.,Sakamoto H,Cancer Med,2021,2020-10-27,PMC7826464,,10.1002/cam4.3578
31992108,Clinical and economic outcomes of treatment sequences for intermediate- to poor-risk advanced renal cell carcinoma,"Ambavane A, Yang S, Atkins MB, Rao S, Shah A, Regan MM, McDermott DF, Michaelson MD.",Immunotherapy. 2020 Jan;12(1):37-51. doi: 10.2217/imt-2019-0199. Epub 2020 Jan 29.,Ambavane A,Immunotherapy,2020,2020-01-30,,,10.2217/imt-2019-0199
32661119,Correlates of clinical benefit from immunotherapy and targeted therapy in metastatic renal cell carcinoma: comprehensive genomic and transcriptomic analysis,"Dizman N, Lyou Y, Salgia N, Bergerot PG, Hsu J, Enriquez D, Izatt T, Trent JM, Byron S, Pal S.",J Immunother Cancer. 2020 Jul;8(2):e000953. doi: 10.1136/jitc-2020-000953.,Dizman N,J Immunother Cancer,2020,2020-07-15,PMC7359179,,10.1136/jitc-2020-000953
38678107,Genetic polymorphisms and clinical parameters associated with renal toxicity in Thai hematologic malignancy patients receiving high dose methotrexate,"Pitakkitnukun P, Pongpitakmetha T, Suttichet TB, Sukkummee W, Chariyavilaskul P, Polprasert C.",Sci Rep. 2024 Apr 27;14(1):9695. doi: 10.1038/s41598-024-60334-w.,Pitakkitnukun P,Sci Rep,2024,2024-04-27,PMC11055848,,10.1038/s41598-024-60334-w
37574436,Profiling of Serum miRNAs Constructs a Diagnostic 3-miRNA Panel for Clear-Cell Renal Cell Carcinoma,"Li X, Wen Z, Li R, Lu C, Chen W, Chen X, Huang G, Ni L, Lai Y, Tao L.",Clin Genitourin Cancer. 2024 Feb;22(1):23-32. doi: 10.1016/j.clgc.2023.07.002. Epub 2023 Jul 5.,Li X,Clin Genitourin Cancer,2024,2023-08-13,,,10.1016/j.clgc.2023.07.002
34237133,A new thinking: extended application of genomic selection to screen multiomics data for development of novel hypoxia-immune biomarkers and target therapy of clear cell renal cell carcinoma,"Gui CP, Wei JH, Chen YH, Fu LM, Tang YM, Cao JZ, Chen W, Luo JH.",Brief Bioinform. 2021 Nov 5;22(6):bbab173. doi: 10.1093/bib/bbab173.,Gui CP,Brief Bioinform,2021,2021-07-08,,,10.1093/bib/bbab173
33087822,Technical considerations when designing a gene expression panel for renal transplant diagnosis,"Toulza F, Dominy K, Cook T, Galliford J, Beadle J, McLean A, Roufosse C.",Sci Rep. 2020 Oct 21;10(1):17909. doi: 10.1038/s41598-020-74794-3.,Toulza F,Sci Rep,2020,2020-10-22,PMC7578804,,10.1038/s41598-020-74794-3
33861738,"No association of genetic variants in TLR4, TNF-α, IL10, IFN-γ, and IL37 in cytomegalovirus-positive renal allograft recipients with active CMV infection-Subanalysis of the prospective randomised VIPP study","Mazzola P, Schaeffeler E, Witzke O, Nitschke M, Kliem V, Zortel M, Wagner EM, Schwab M, Hauser IA.",PLoS One. 2021 Apr 16;16(4):e0246118. doi: 10.1371/journal.pone.0246118. eCollection 2021.,Mazzola P,PLoS One,2021,2021-04-16,PMC8051780,,10.1371/journal.pone.0246118
33048330,A woman with a dual genetic diagnosis of autosomal dominant tubulointerstitial kidney disease and KBG syndrome,"Tanaka Y, Morisada N, Suzuki T, Ohashi Y, Ye MJ, Nozu K, Tsuruta S, Iijima K.",CEN Case Rep. 2021 May;10(2):184-188. doi: 10.1007/s13730-020-00543-0. Epub 2020 Oct 13.,Tanaka Y,CEN Case Rep,2021,2020-10-13,PMC8019452,,10.1007/s13730-020-00543-0
32673684,Sporadic oncocytic tumors with features intermediate between oncocytoma and chromophobe renal cell carcinoma: comprehensive clinicopathological and genomic profiling,"Liu YJ, Ussakli C, Antic T, Liu Y, Wu Y, True L, Tretiakova MS.",Hum Pathol. 2020 Oct;104:18-29. doi: 10.1016/j.humpath.2020.07.003. Epub 2020 Jul 13.,Liu YJ,Hum Pathol,2020,2020-07-17,,,10.1016/j.humpath.2020.07.003
35977080,Genomewide association study identifies a novel variant associated with tacrolimus trough concentration in Chinese renal transplant recipients,"Yang S, Jiang H, Li C, Lu H, Li C, Ye D, Qi H, Xu W, Bao X, Maseko N, Zhang S, Shao R, Li L.",Clin Transl Sci. 2022 Nov;15(11):2640-2651. doi: 10.1111/cts.13388. Epub 2022 Aug 28.,Yang S,Clin Transl Sci,2022,2022-08-17,PMC9652447,,10.1111/cts.13388
38886300,Association of single nucleotide genetic polymorphisms of vitamin D receptor and calcium-sensitive receptor with calcium-containing kidney stones in Chinese Dai populations: a prospective multi-center study,"Li J, Ke K, Zhang B, Liu Y, Bai J, Wang M, Li H.",Int Urol Nephrol. 2024 Nov;56(11):3647-3655. doi: 10.1007/s11255-024-04109-2. Epub 2024 Jun 17.,Li J,Int Urol Nephrol,2024,2024-06-17,,,10.1007/s11255-024-04109-2
34358382,RBM10-TFE3 fusions: A FISH-concealed anomaly in adult renal cell carcinomas displaying a variety of morphological and genomic features: Comprehensive study of six novel cases,"Di Mauro I, Dadone-Montaudie B, Sibony M, Ambrosetti D, Molinie V, Decaussin-Petrucci M, Bland V, Arbaud C, Cenciu B, Arbib F, Just PA, Derman J, Rioux-Leclercq N, Pedeutour F; CARARE French Network.",Genes Chromosomes Cancer. 2021 Nov;60(11):772-784. doi: 10.1002/gcc.22985. Epub 2021 Aug 6.,Di Mauro I,Genes Chromosomes Cancer,2021,2021-08-06,,,10.1002/gcc.22985
34654685,Germline Variants Identified in Patients with Early-onset Renal Cell Carcinoma Referred for Germline Genetic Testing,"Truong H, Sheikh R, Kotecha R, Kemel Y, Reisz PA, Lenis AT, Mehta NN, Khurram A, Joseph V, Mandelker D, Latham A, Ceyhan-Birsoy O, Ladanyi M, Shah NJ, Walsh MF, Voss MH, Lee CH, Russo P, Coleman JA, Hakimi AA, Feldman DR, Stadler ZK, Robson ME, Motzer RJ, Offit K, Patil S, Carlo MI.",Eur Urol Oncol. 2021 Dec;4(6):993-1000. doi: 10.1016/j.euo.2021.09.005. Epub 2021 Oct 12.,Truong H,Eur Urol Oncol,2021,2021-10-16,PMC8688197,NIHMS1747918,10.1016/j.euo.2021.09.005
32176594,A Noninvasive Urine Metabolome Panel as Potential Biomarkers for Diagnosis of T Cell-Mediated Renal Transplant Rejection,"Kalantari S, Chashmniam S, Nafar M, Samavat S, Rezaie D, Dalili N.",OMICS. 2020 Mar;24(3):140-147. doi: 10.1089/omi.2019.0158.,Kalantari S,OMICS,2020,2020-03-17,,,10.1089/omi.2019.0158
39913368,"Clinical, immune and genetic risk factors of malaria-associated acute kidney injury in Zambian children: A study protocol","Mwaba C, Munsaka S, Mwakazanga D, Rutagwerae D, Ngalamika O, Mwanza S, McCulloch M, Mpabalwani E.",PLoS One. 2025 Feb 6;20(2):e0316205. doi: 10.1371/journal.pone.0316205. eCollection 2025.,Mwaba C,PLoS One,2025,2025-02-06,PMC11801570,,10.1371/journal.pone.0316205
37349938,Performance of the ACMG-AMP criteria in a large familial renal glucosuria cohort with identified SLC5A2 sequence variants,"Barata R, Fila M, Dalla-Vale F, Bogarin R, Nunes P, Ramalho J, Rueff J, Calado J.",Clin Genet. 2023 Nov;104(5):582-586. doi: 10.1111/cge.14395. Epub 2023 Jun 22.,Barata R,Clin Genet,2023,2023-06-23,,,10.1111/cge.14395
31764220,Clinicopathologic and Molecular Analysis of the TFEB Fusion Variant Reveals New Members of TFEB Translocation Renal Cell Carcinomas (RCCs): Expanding the Genomic Spectrum,"Xia QY, Wang XT, Fang R, Wang Z, Zhao M, Chen H, Chen N, Teng XD, Wang X, Wei X, Ye SB, Li R, Ma HH, Lu ZF, Zhou XJ, Rao Q.",Am J Surg Pathol. 2020 Apr;44(4):477-489. doi: 10.1097/PAS.0000000000001408.,Xia QY,Am J Surg Pathol,2020,2019-11-26,,,10.1097/PAS.0000000000001408
36253912,Clinical Integration of Genomic Testing in Kidney Transplantation Clinics,Nestor JG.,Transplantation. 2023 Apr 1;107(4):820-821. doi: 10.1097/TP.0000000000004364. Epub 2022 Oct 18.,Nestor JG,Transplantation,2023,2022-10-18,PMC10065878,NIHMS1831974,10.1097/TP.0000000000004364
35763031,"Clinical variable-based cluster analysis identifies novel subgroups with a distinct genetic signature, lipidomic pattern and cardio-renal risks in Asian patients with recent-onset type 2 diabetes","Wang J, Liu JJ, Gurung RL, Liu S, Lee J, M Y, Ang K, Shao YM, Tang JI, Benke PI, Torta F, Wenk MR, Tavintharan S, Tang WE, Sum CF, Lim SC.",Diabetologia. 2022 Dec;65(12):2146-2156. doi: 10.1007/s00125-022-05741-2. Epub 2022 Jun 28.,Wang J,Diabetologia,2022,2022-06-28,PMC9630229,,10.1007/s00125-022-05741-2
35655039,Precise clinicopathologic findings for application of genetic testing in pediatric kidney transplant recipients with focal segmental glomerulosclerosis/steroid-resistant nephrotic syndrome,"Miura K, Kaneko N, Hashimoto T, Ishizuka K, Shirai Y, Hisano M, Chikamoto H, Akioka Y, Kanda S, Harita Y, Yamamoto T, Hattori M.",Pediatr Nephrol. 2023 Feb;38(2):417-429. doi: 10.1007/s00467-022-05604-3. Epub 2022 Jun 2.,Miura K,Pediatr Nephrol,2023,2022-06-02,,,10.1007/s00467-022-05604-3
35264217,A machine learning-assisted model for renal urate underexcretion with genetic and clinical variables among Chinese men with gout,"Sun M, Sun W, Zhao X, Li Z, Dalbeth N, Ji A, He Y, Qu H, Zheng G, Ma L, Wang J, Shi Y, Fang X, Chen H, Merriman TR, Li C.",Arthritis Res Ther. 2022 Mar 9;24(1):67. doi: 10.1186/s13075-022-02755-4.,Sun M,Arthritis Res Ther,2022,2022-03-10,PMC8905745,,10.1186/s13075-022-02755-4
33111320,A novel monogenic preimplantation genetic testing strategy for sporadic polycystic kidney caused by de novo PKD1 mutation,"Shi H, Niu W, Liu Y, Jin H, Song W, Shi S, Yao G, Xu J, Sun Y.",Clin Genet. 2021 Feb;99(2):250-258. doi: 10.1111/cge.13871. Epub 2020 Nov 20.,Shi H,Clin Genet,2021,2020-10-28,,,10.1111/cge.13871
32968206,CRISPR/Cas9 genome-wide loss-of-function screening identifies druggable cellular factors involved in sunitinib resistance in renal cell carcinoma,"Makhov P, Sohn JA, Serebriiskii IG, Fazliyeva R, Khazak V, Boumber Y, Uzzo RG, Kolenko VM.",Br J Cancer. 2020 Dec;123(12):1749-1756. doi: 10.1038/s41416-020-01087-x. Epub 2020 Sep 24.,Makhov P,Br J Cancer,2020,2020-09-24,PMC7723036,,10.1038/s41416-020-01087-x
31513279,Early Tacrolimus Concentrations After Lung Transplant Are Predicted by Combined Clinical and Genetic Factors and Associated With Acute Kidney Injury,"Miano TA, Flesch JD, Feng R, Forker CM, Brown M, Oyster M, Kalman L, Rushefski M, Cantu E 3rd, Porteus M, Yang W, Localio AR, Diamond JM, Christie JD, Shashaty MGS.",Clin Pharmacol Ther. 2020 Feb;107(2):462-470. doi: 10.1002/cpt.1629. Epub 2019 Oct 20.,Miano TA,Clin Pharmacol Ther,2020,2019-09-13,PMC6980920,NIHMS1050220,10.1002/cpt.1629
37358729,Diagnostic policies on nephrolithiasis/nephrocalcinosis of possible genetic origin by Italian nephrologists: a survey by the Italian Society of Nephrology with an emphasis on primary hyperoxaluria,"Ferraro PM, Caletti C, Capolongo G, Lombardi M, Scolari F, Vezzoli G, Vitale C, Gambaro G.",J Nephrol. 2023 Jul;36(6):1605-1614. doi: 10.1007/s40620-023-01693-x. Epub 2023 Jun 26.,Ferraro PM,J Nephrol,2023,2023-06-26,PMC10393840,,10.1007/s40620-023-01693-x
35017463,Heterogeneity of tumor microenvironment is associated with clinical prognosis of non-clear cell renal cell carcinoma: a single-cell genomics study,"Chen WJ, Cao H, Cao JW, Zuo L, Qu FJ, Xu D, Zhang H, Gong HY, Chen JX, Ye JQ, Gan SS, Zhou W, Zhu DW, Pan XW, Cui XG.",Cell Death Dis. 2022 Jan 11;13(1):50. doi: 10.1038/s41419-022-04501-9.,Chen WJ,Cell Death Dis,2022,2022-01-12,PMC8752784,,10.1038/s41419-022-04501-9
38032814,Transplant Nephrologists' Preferences for Clinical Decision Support for APOL1 Genetic Testing of Living Kidney Donors: A Focus Group Study,"Rasmussen LV, Agrawal AH, Gordon EJ.",Kidney360. 2023 Nov 1;4(11):1610-1614. doi: 10.34067/KID.0000000000000265. Epub 2023 Oct 12.,Rasmussen LV,Kidney360,2023,2023-11-30,PMC10695637,,10.34067/KID.0000000000000265
32060504,Do genetic variations in proximal tubule transporters influence tenofovir-induced renal dysfunction? An exploratory study in a Ghanaian population,"Neary M, Olagunju A, Sarfo F, Phillips R, Moss D, Owen A, Chadwick D.",J Antimicrob Chemother. 2020 May 1;75(5):1267-1271. doi: 10.1093/jac/dkaa008.,Neary M,J Antimicrob Chemother,2020,2020-02-16,,,10.1093/jac/dkaa008
34980496,Molecular Genetic Determinants of Shorter Time on Active Surveillance in a Prospective Phase 2 Clinical Trial in Metastatic Renal Cell Carcinoma,"Reig Torras O, Mishra A, Christie A, McKenzie T, Onabolu O, Singla N, Plimack ER, Suárez C, Ornstein MC, Alpaugh RK, Elias R, Bowman IA, McKay RM, Przybycin C, Kapur P, Brugarolas J, Rini B.",Eur Urol. 2022 Jun;81(6):555-558. doi: 10.1016/j.eururo.2021.12.003. Epub 2021 Dec 31.,Reig Torras O,Eur Urol,2022,2022-01-04,PMC9886196,NIHMS1763154,10.1016/j.eururo.2021.12.003
38327067,Influence of genetic polymorphisms in vascular endothelial-related genes on the clinical outcome of axitinib in patients with metastatic renal cell carcinoma,"Numakura K, Igarashi R, Takahashi M, Nara T, Kanda S, Saito M, Narita S, Inoue T, Niioka T, Miura M, Habuchi T.",Cancer Biol Ther. 2024 Dec 31;25(1):2312602. doi: 10.1080/15384047.2024.2312602. Epub 2024 Feb 7.,Numakura K,Cancer Biol Ther,2024,2024-02-08,PMC10857686,,10.1080/15384047.2024.2312602
36292688,Participant Choice towards Receiving Potential Additional Findings in an Australian Nephrology Research Genomics Study,"O'Shea R, Wood A, Patel C, McCarthy HJ, Mallawaarachchi A, Quinlan C, Simons C, Stark Z, Mallett AJ.",Genes (Basel). 2022 Oct 6;13(10):1804. doi: 10.3390/genes13101804.,O'Shea R,Genes (Basel),2022,2022-10-27,PMC9601985,,10.3390/genes13101804
32659871,Opinions of African American adults about the use of apolipoprotein L1 (ApoL1) genetic testing in living kidney donation and transplantation,"Berrigan M, Austrie J, Fleishman A, Tercyak KP, Pollak MR, Pavlakis M, Rohan V, Baliga PK, Kayler LK, Feeley TH, Rodrigue JR.",Am J Transplant. 2021 Mar;21(3):1197-1205. doi: 10.1111/ajt.16206. Epub 2020 Aug 29.,Berrigan M,Am J Transplant,2021,2020-07-14,PMC7854990,NIHMS1625970,10.1111/ajt.16206
32358593,The ethics of genetic testing for kidney diseases,"Sabatello M, Milo Rasouly H.",Nat Rev Nephrol. 2020 Nov;16(11):619-620. doi: 10.1038/s41581-020-0294-5. Epub 2020 May 1.,Sabatello M,Nat Rev Nephrol,2020,2020-05-03,PMC7572470,NIHMS1590110,10.1038/s41581-020-0294-5
38752978,Genetically engineered human embryonic kidney cells as a novel vehicle for dual patch clamp study of human gap junction channels,"Chen H, Li YX, Wong RS, Esseltine JL, Bai D.",Biochem J. 2024 Jun 19;481(12):741-758. doi: 10.1042/BCJ20240016.,Chen H,Biochem J,2024,2024-05-16,PMC11346430,,10.1042/BCJ20240016
33275263,SARS-CoV-2 systemic infection in a kidney transplant recipient: sequence analysis in clinical specimens,"Monne M, Asproni R, Fancello T, Piras G, Sulis V, Floris AR, Sanna F, Toja A, Paffi P, Carai A, Mameli G, Fiamma M.",Eur Rev Med Pharmacol Sci. 2020 Nov;24(22):11914-11918. doi: 10.26355/eurrev_202011_23850.,Monne M,Eur Rev Med Pharmacol Sci,2020,2020-12-04,,,10.26355/eurrev_202011_23850
32211780,Biomarker panels may be superior over single molecules in prediction of renal flares in systemic lupus erythematosus: an exploratory study,"Fasano S, Pierro L, Borgia A, Coscia MA, Formica R, Bucci L, Riccardi A, Ciccia F.",Rheumatology (Oxford). 2020 Nov 1;59(11):3193-3200. doi: 10.1093/rheumatology/keaa074.,Fasano S,Rheumatology (Oxford),2020,2020-03-27,,,10.1093/rheumatology/keaa074
34558169,Potential benefits of rapid genetic testing for germline WT1 in infants with bilateral renal tumors: A case report,"Yoshikawa H, Sato T, Ishikawa T, Ito J, Yamazaki F, Shima H, Honda M, Shibata H, Ishii T, Asanuma H, Shimada H, Hasegawa T.",Pediatr Blood Cancer. 2022 Feb;69(2):e29368. doi: 10.1002/pbc.29368. Epub 2021 Sep 24.,Yoshikawa H,Pediatr Blood Cancer,2022,2021-09-24,,,10.1002/pbc.29368